[0.061s] DEBUG:colcon:Command line arguments: ['/usr/bin/colcon', 'build']
[0.061s] DEBUG:colcon:Parsed command line arguments: Namespace(log_base=None, log_level=None, verb_name='build', build_base='build', install_base='install', merge_install=False, symlink_install=False, test_result_base=None, continue_on_error=False, executor='parallel', parallel_workers=24, event_handlers=None, ignore_user_meta=False, metas=['./colcon.meta'], base_paths=['.'], packages_ignore=None, packages_ignore_regex=None, paths=None, packages_up_to=None, packages_up_to_regex=None, packages_above=None, packages_above_and_dependencies=None, packages_above_depth=None, packages_select_by_dep=None, packages_skip_by_dep=None, packages_skip_up_to=None, packages_select_build_failed=False, packages_skip_build_finished=False, packages_select_test_failures=False, packages_skip_test_passed=False, packages_select=None, packages_skip=None, packages_select_regex=None, packages_skip_regex=None, packages_start=None, packages_end=None, cmake_args=None, cmake_target=None, cmake_target_skip_unavailable=False, cmake_clean_cache=False, cmake_clean_first=False, cmake_force_configure=False, ament_cmake_args=None, catkin_cmake_args=None, catkin_skip_building_tests=False, verb_parser=<colcon_defaults.argument_parser.defaults.DefaultArgumentsDecorator object at 0x72188d912750>, verb_extension=<colcon_core.verb.build.BuildVerb object at 0x72188dab1f10>, main=<bound method BuildVerb.main of <colcon_core.verb.build.BuildVerb object at 0x72188dab1f10>>)
[0.080s] Level 1:colcon.colcon_core.package_discovery:discover_packages(colcon_meta) check parameters
[0.080s] Level 1:colcon.colcon_core.package_discovery:discover_packages(recursive) check parameters
[0.080s] Level 1:colcon.colcon_core.package_discovery:discover_packages(ignore) check parameters
[0.080s] Level 1:colcon.colcon_core.package_discovery:discover_packages(path) check parameters
[0.080s] Level 1:colcon.colcon_core.package_discovery:discover_packages(colcon_meta) discover
[0.080s] Level 1:colcon.colcon_core.package_discovery:discover_packages(recursive) discover
[0.080s] INFO:colcon.colcon_core.package_discovery:Crawling recursively for packages in '/home/fire/Desktop/fast_livo2_ws'
[0.080s] Level 1:colcon.colcon_core.package_identification:_identify(.) by extensions ['ignore', 'ignore_ament_install']
[0.080s] Level 1:colcon.colcon_core.package_identification:_identify(.) by extension 'ignore'
[0.080s] Level 1:colcon.colcon_core.package_identification:_identify(.) by extension 'ignore_ament_install'
[0.080s] Level 1:colcon.colcon_core.package_identification:_identify(.) by extensions ['colcon_pkg']
[0.080s] Level 1:colcon.colcon_core.package_identification:_identify(.) by extension 'colcon_pkg'
[0.080s] Level 1:colcon.colcon_core.package_identification:_identify(.) by extensions ['colcon_meta']
[0.080s] Level 1:colcon.colcon_core.package_identification:_identify(.) by extension 'colcon_meta'
[0.080s] Level 1:colcon.colcon_core.package_identification:_identify(.) by extensions ['ros']
[0.080s] Level 1:colcon.colcon_core.package_identification:_identify(.) by extension 'ros'
[0.094s] Level 1:colcon.colcon_core.package_identification:_identify(.) by extensions ['cmake', 'python']
[0.094s] Level 1:colcon.colcon_core.package_identification:_identify(.) by extension 'cmake'
[0.094s] Level 1:colcon.colcon_core.package_identification:_identify(.) by extension 'python'
[0.094s] Level 1:colcon.colcon_core.package_identification:_identify(.) by extensions ['python_setup_py']
[0.094s] Level 1:colcon.colcon_core.package_identification:_identify(.) by extension 'python_setup_py'
[0.094s] Level 1:colcon.colcon_core.package_identification:_identify(build) by extensions ['ignore', 'ignore_ament_install']
[0.094s] Level 1:colcon.colcon_core.package_identification:_identify(build) by extension 'ignore'
[0.094s] Level 1:colcon.colcon_core.package_identification:_identify(build) ignored
[0.094s] Level 1:colcon.colcon_core.package_identification:_identify(install) by extensions ['ignore', 'ignore_ament_install']
[0.094s] Level 1:colcon.colcon_core.package_identification:_identify(install) by extension 'ignore'
[0.094s] Level 1:colcon.colcon_core.package_identification:_identify(install) ignored
[0.094s] Level 1:colcon.colcon_core.package_identification:_identify(log) by extensions ['ignore', 'ignore_ament_install']
[0.094s] Level 1:colcon.colcon_core.package_identification:_identify(log) by extension 'ignore'
[0.094s] Level 1:colcon.colcon_core.package_identification:_identify(log) ignored
[0.094s] Level 1:colcon.colcon_core.package_identification:_identify(other) by extensions ['ignore', 'ignore_ament_install']
[0.094s] Level 1:colcon.colcon_core.package_identification:_identify(other) by extension 'ignore'
[0.094s] Level 1:colcon.colcon_core.package_identification:_identify(other) ignored
[0.094s] Level 1:colcon.colcon_core.package_identification:_identify(src) by extensions ['ignore', 'ignore_ament_install']
[0.094s] Level 1:colcon.colcon_core.package_identification:_identify(src) by extension 'ignore'
[0.094s] Level 1:colcon.colcon_core.package_identification:_identify(src) by extension 'ignore_ament_install'
[0.094s] Level 1:colcon.colcon_core.package_identification:_identify(src) by extensions ['colcon_pkg']
[0.094s] Level 1:colcon.colcon_core.package_identification:_identify(src) by extension 'colcon_pkg'
[0.094s] Level 1:colcon.colcon_core.package_identification:_identify(src) by extensions ['colcon_meta']
[0.094s] Level 1:colcon.colcon_core.package_identification:_identify(src) by extension 'colcon_meta'
[0.095s] Level 1:colcon.colcon_core.package_identification:_identify(src) by extensions ['ros']
[0.095s] Level 1:colcon.colcon_core.package_identification:_identify(src) by extension 'ros'
[0.095s] Level 1:colcon.colcon_core.package_identification:_identify(src) by extensions ['cmake', 'python']
[0.095s] Level 1:colcon.colcon_core.package_identification:_identify(src) by extension 'cmake'
[0.095s] Level 1:colcon.colcon_core.package_identification:_identify(src) by extension 'python'
[0.095s] Level 1:colcon.colcon_core.package_identification:_identify(src) by extensions ['python_setup_py']
[0.095s] Level 1:colcon.colcon_core.package_identification:_identify(src) by extension 'python_setup_py'
[0.095s] Level 1:colcon.colcon_core.package_identification:_identify(src/FAST-LIVO2) by extensions ['ignore', 'ignore_ament_install']
[0.095s] Level 1:colcon.colcon_core.package_identification:_identify(src/FAST-LIVO2) by extension 'ignore'
[0.095s] Level 1:colcon.colcon_core.package_identification:_identify(src/FAST-LIVO2) by extension 'ignore_ament_install'
[0.095s] Level 1:colcon.colcon_core.package_identification:_identify(src/FAST-LIVO2) by extensions ['colcon_pkg']
[0.095s] Level 1:colcon.colcon_core.package_identification:_identify(src/FAST-LIVO2) by extension 'colcon_pkg'
[0.095s] Level 1:colcon.colcon_core.package_identification:_identify(src/FAST-LIVO2) by extensions ['colcon_meta']
[0.095s] Level 1:colcon.colcon_core.package_identification:_identify(src/FAST-LIVO2) by extension 'colcon_meta'
[0.095s] Level 1:colcon.colcon_core.package_identification:_identify(src/FAST-LIVO2) by extensions ['ros']
[0.095s] Level 1:colcon.colcon_core.package_identification:_identify(src/FAST-LIVO2) by extension 'ros'
[0.096s] DEBUG:colcon.colcon_core.package_identification:Package 'src/FAST-LIVO2' with type 'ros.ament_cmake' and name 'fast_livo'
[0.096s] Level 1:colcon.colcon_core.package_identification:_identify(src/livox_ros_driver2) by extensions ['ignore', 'ignore_ament_install']
[0.096s] Level 1:colcon.colcon_core.package_identification:_identify(src/livox_ros_driver2) by extension 'ignore'
[0.096s] Level 1:colcon.colcon_core.package_identification:_identify(src/livox_ros_driver2) by extension 'ignore_ament_install'
[0.096s] Level 1:colcon.colcon_core.package_identification:_identify(src/livox_ros_driver2) by extensions ['colcon_pkg']
[0.096s] Level 1:colcon.colcon_core.package_identification:_identify(src/livox_ros_driver2) by extension 'colcon_pkg'
[0.096s] Level 1:colcon.colcon_core.package_identification:_identify(src/livox_ros_driver2) by extensions ['colcon_meta']
[0.096s] Level 1:colcon.colcon_core.package_identification:_identify(src/livox_ros_driver2) by extension 'colcon_meta'
[0.096s] Level 1:colcon.colcon_core.package_identification:_identify(src/livox_ros_driver2) by extensions ['ros']
[0.096s] Level 1:colcon.colcon_core.package_identification:_identify(src/livox_ros_driver2) by extension 'ros'
[0.097s] DEBUG:colcon.colcon_core.package_identification:Package 'src/livox_ros_driver2' with type 'ros.ament_cmake' and name 'livox_ros_driver2'
[0.097s] Level 1:colcon.colcon_core.package_identification:_identify(src/realsense-ros) by extensions ['ignore', 'ignore_ament_install']
[0.097s] Level 1:colcon.colcon_core.package_identification:_identify(src/realsense-ros) by extension 'ignore'
[0.097s] Level 1:colcon.colcon_core.package_identification:_identify(src/realsense-ros) by extension 'ignore_ament_install'
[0.097s] Level 1:colcon.colcon_core.package_identification:_identify(src/realsense-ros) by extensions ['colcon_pkg']
[0.097s] Level 1:colcon.colcon_core.package_identification:_identify(src/realsense-ros) by extension 'colcon_pkg'
[0.097s] Level 1:colcon.colcon_core.package_identification:_identify(src/realsense-ros) by extensions ['colcon_meta']
[0.097s] Level 1:colcon.colcon_core.package_identification:_identify(src/realsense-ros) by extension 'colcon_meta'
[0.097s] Level 1:colcon.colcon_core.package_identification:_identify(src/realsense-ros) by extensions ['ros']
[0.097s] Level 1:colcon.colcon_core.package_identification:_identify(src/realsense-ros) by extension 'ros'
[0.097s] Level 1:colcon.colcon_core.package_identification:_identify(src/realsense-ros) by extensions ['cmake', 'python']
[0.097s] Level 1:colcon.colcon_core.package_identification:_identify(src/realsense-ros) by extension 'cmake'
[0.097s] Level 1:colcon.colcon_core.package_identification:_identify(src/realsense-ros) by extension 'python'
[0.097s] Level 1:colcon.colcon_core.package_identification:_identify(src/realsense-ros) by extensions ['python_setup_py']
[0.097s] Level 1:colcon.colcon_core.package_identification:_identify(src/realsense-ros) by extension 'python_setup_py'
[0.097s] Level 1:colcon.colcon_core.package_identification:_identify(src/realsense-ros/realsense2_camera) by extensions ['ignore', 'ignore_ament_install']
[0.097s] Level 1:colcon.colcon_core.package_identification:_identify(src/realsense-ros/realsense2_camera) by extension 'ignore'
[0.097s] Level 1:colcon.colcon_core.package_identification:_identify(src/realsense-ros/realsense2_camera) by extension 'ignore_ament_install'
[0.097s] Level 1:colcon.colcon_core.package_identification:_identify(src/realsense-ros/realsense2_camera) by extensions ['colcon_pkg']
[0.097s] Level 1:colcon.colcon_core.package_identification:_identify(src/realsense-ros/realsense2_camera) by extension 'colcon_pkg'
[0.097s] Level 1:colcon.colcon_core.package_identification:_identify(src/realsense-ros/realsense2_camera) by extensions ['colcon_meta']
[0.097s] Level 1:colcon.colcon_core.package_identification:_identify(src/realsense-ros/realsense2_camera) by extension 'colcon_meta'
[0.097s] Level 1:colcon.colcon_core.package_identification:_identify(src/realsense-ros/realsense2_camera) by extensions ['ros']
[0.097s] Level 1:colcon.colcon_core.package_identification:_identify(src/realsense-ros/realsense2_camera) by extension 'ros'
[0.100s] DEBUG:colcon.colcon_core.package_identification:Package 'src/realsense-ros/realsense2_camera' with type 'ros.ament_cmake' and name 'realsense2_camera'
[0.100s] Level 1:colcon.colcon_core.package_identification:_identify(src/realsense-ros/realsense2_camera_msgs) by extensions ['ignore', 'ignore_ament_install']
[0.100s] Level 1:colcon.colcon_core.package_identification:_identify(src/realsense-ros/realsense2_camera_msgs) by extension 'ignore'
[0.100s] Level 1:colcon.colcon_core.package_identification:_identify(src/realsense-ros/realsense2_camera_msgs) by extension 'ignore_ament_install'
[0.100s] Level 1:colcon.colcon_core.package_identification:_identify(src/realsense-ros/realsense2_camera_msgs) by extensions ['colcon_pkg']
[0.100s] Level 1:colcon.colcon_core.package_identification:_identify(src/realsense-ros/realsense2_camera_msgs) by extension 'colcon_pkg'
[0.100s] Level 1:colcon.colcon_core.package_identification:_identify(src/realsense-ros/realsense2_camera_msgs) by extensions ['colcon_meta']
[0.100s] Level 1:colcon.colcon_core.package_identification:_identify(src/realsense-ros/realsense2_camera_msgs) by extension 'colcon_meta'
[0.101s] Level 1:colcon.colcon_core.package_identification:_identify(src/realsense-ros/realsense2_camera_msgs) by extensions ['ros']
[0.101s] Level 1:colcon.colcon_core.package_identification:_identify(src/realsense-ros/realsense2_camera_msgs) by extension 'ros'
[0.101s] DEBUG:colcon.colcon_core.package_identification:Package 'src/realsense-ros/realsense2_camera_msgs' with type 'ros.ament_cmake' and name 'realsense2_camera_msgs'
[0.101s] Level 1:colcon.colcon_core.package_identification:_identify(src/realsense-ros/realsense2_description) by extensions ['ignore', 'ignore_ament_install']
[0.101s] Level 1:colcon.colcon_core.package_identification:_identify(src/realsense-ros/realsense2_description) by extension 'ignore'
[0.101s] Level 1:colcon.colcon_core.package_identification:_identify(src/realsense-ros/realsense2_description) by extension 'ignore_ament_install'
[0.101s] Level 1:colcon.colcon_core.package_identification:_identify(src/realsense-ros/realsense2_description) by extensions ['colcon_pkg']
[0.101s] Level 1:colcon.colcon_core.package_identification:_identify(src/realsense-ros/realsense2_description) by extension 'colcon_pkg'
[0.101s] Level 1:colcon.colcon_core.package_identification:_identify(src/realsense-ros/realsense2_description) by extensions ['colcon_meta']
[0.101s] Level 1:colcon.colcon_core.package_identification:_identify(src/realsense-ros/realsense2_description) by extension 'colcon_meta'
[0.101s] Level 1:colcon.colcon_core.package_identification:_identify(src/realsense-ros/realsense2_description) by extensions ['ros']
[0.101s] Level 1:colcon.colcon_core.package_identification:_identify(src/realsense-ros/realsense2_description) by extension 'ros'
[0.101s] DEBUG:colcon.colcon_core.package_identification:Package 'src/realsense-ros/realsense2_description' with type 'ros.ament_cmake' and name 'realsense2_description'
[0.101s] Level 1:colcon.colcon_core.package_identification:_identify(src/realsense-ros/realsense2_rgbd_plugin) by extensions ['ignore', 'ignore_ament_install']
[0.101s] Level 1:colcon.colcon_core.package_identification:_identify(src/realsense-ros/realsense2_rgbd_plugin) by extension 'ignore'
[0.101s] Level 1:colcon.colcon_core.package_identification:_identify(src/realsense-ros/realsense2_rgbd_plugin) by extension 'ignore_ament_install'
[0.101s] Level 1:colcon.colcon_core.package_identification:_identify(src/realsense-ros/realsense2_rgbd_plugin) by extensions ['colcon_pkg']
[0.101s] Level 1:colcon.colcon_core.package_identification:_identify(src/realsense-ros/realsense2_rgbd_plugin) by extension 'colcon_pkg'
[0.101s] Level 1:colcon.colcon_core.package_identification:_identify(src/realsense-ros/realsense2_rgbd_plugin) by extensions ['colcon_meta']
[0.101s] Level 1:colcon.colcon_core.package_identification:_identify(src/realsense-ros/realsense2_rgbd_plugin) by extension 'colcon_meta'
[0.101s] Level 1:colcon.colcon_core.package_identification:_identify(src/realsense-ros/realsense2_rgbd_plugin) by extensions ['ros']
[0.101s] Level 1:colcon.colcon_core.package_identification:_identify(src/realsense-ros/realsense2_rgbd_plugin) by extension 'ros'
[0.101s] Level 1:colcon.colcon_core.package_identification:_identify(src/realsense-ros/realsense2_rgbd_plugin) ignored
[0.102s] Level 1:colcon.colcon_core.package_identification:_identify(src/realsense-ros/realsense2_ros_mqtt_bridge) by extensions ['ignore', 'ignore_ament_install']
[0.102s] Level 1:colcon.colcon_core.package_identification:_identify(src/realsense-ros/realsense2_ros_mqtt_bridge) by extension 'ignore'
[0.102s] Level 1:colcon.colcon_core.package_identification:_identify(src/realsense-ros/realsense2_ros_mqtt_bridge) by extension 'ignore_ament_install'
[0.102s] Level 1:colcon.colcon_core.package_identification:_identify(src/realsense-ros/realsense2_ros_mqtt_bridge) by extensions ['colcon_pkg']
[0.102s] Level 1:colcon.colcon_core.package_identification:_identify(src/realsense-ros/realsense2_ros_mqtt_bridge) by extension 'colcon_pkg'
[0.102s] Level 1:colcon.colcon_core.package_identification:_identify(src/realsense-ros/realsense2_ros_mqtt_bridge) by extensions ['colcon_meta']
[0.102s] Level 1:colcon.colcon_core.package_identification:_identify(src/realsense-ros/realsense2_ros_mqtt_bridge) by extension 'colcon_meta'
[0.102s] Level 1:colcon.colcon_core.package_identification:_identify(src/realsense-ros/realsense2_ros_mqtt_bridge) by extensions ['ros']
[0.102s] Level 1:colcon.colcon_core.package_identification:_identify(src/realsense-ros/realsense2_ros_mqtt_bridge) by extension 'ros'
[0.102s] Level 1:colcon.colcon_core.package_identification:_identify(src/realsense-ros/realsense2_ros_mqtt_bridge) ignored
[0.102s] Level 1:colcon.colcon_core.package_identification:_identify(src/realsense-ros/res) by extensions ['ignore', 'ignore_ament_install']
[0.102s] Level 1:colcon.colcon_core.package_identification:_identify(src/realsense-ros/res) by extension 'ignore'
[0.102s] Level 1:colcon.colcon_core.package_identification:_identify(src/realsense-ros/res) by extension 'ignore_ament_install'
[0.102s] Level 1:colcon.colcon_core.package_identification:_identify(src/realsense-ros/res) by extensions ['colcon_pkg']
[0.102s] Level 1:colcon.colcon_core.package_identification:_identify(src/realsense-ros/res) by extension 'colcon_pkg'
[0.102s] Level 1:colcon.colcon_core.package_identification:_identify(src/realsense-ros/res) by extensions ['colcon_meta']
[0.102s] Level 1:colcon.colcon_core.package_identification:_identify(src/realsense-ros/res) by extension 'colcon_meta'
[0.102s] Level 1:colcon.colcon_core.package_identification:_identify(src/realsense-ros/res) by extensions ['ros']
[0.102s] Level 1:colcon.colcon_core.package_identification:_identify(src/realsense-ros/res) by extension 'ros'
[0.102s] Level 1:colcon.colcon_core.package_identification:_identify(src/realsense-ros/res) by extensions ['cmake', 'python']
[0.102s] Level 1:colcon.colcon_core.package_identification:_identify(src/realsense-ros/res) by extension 'cmake'
[0.102s] Level 1:colcon.colcon_core.package_identification:_identify(src/realsense-ros/res) by extension 'python'
[0.102s] Level 1:colcon.colcon_core.package_identification:_identify(src/realsense-ros/res) by extensions ['python_setup_py']
[0.102s] Level 1:colcon.colcon_core.package_identification:_identify(src/realsense-ros/res) by extension 'python_setup_py'
[0.102s] Level 1:colcon.colcon_core.package_identification:_identify(src/realsense-ros/scripts) by extensions ['ignore', 'ignore_ament_install']
[0.102s] Level 1:colcon.colcon_core.package_identification:_identify(src/realsense-ros/scripts) by extension 'ignore'
[0.102s] Level 1:colcon.colcon_core.package_identification:_identify(src/realsense-ros/scripts) by extension 'ignore_ament_install'
[0.102s] Level 1:colcon.colcon_core.package_identification:_identify(src/realsense-ros/scripts) by extensions ['colcon_pkg']
[0.102s] Level 1:colcon.colcon_core.package_identification:_identify(src/realsense-ros/scripts) by extension 'colcon_pkg'
[0.102s] Level 1:colcon.colcon_core.package_identification:_identify(src/realsense-ros/scripts) by extensions ['colcon_meta']
[0.102s] Level 1:colcon.colcon_core.package_identification:_identify(src/realsense-ros/scripts) by extension 'colcon_meta'
[0.102s] Level 1:colcon.colcon_core.package_identification:_identify(src/realsense-ros/scripts) by extensions ['ros']
[0.102s] Level 1:colcon.colcon_core.package_identification:_identify(src/realsense-ros/scripts) by extension 'ros'
[0.102s] Level 1:colcon.colcon_core.package_identification:_identify(src/realsense-ros/scripts) by extensions ['cmake', 'python']
[0.102s] Level 1:colcon.colcon_core.package_identification:_identify(src/realsense-ros/scripts) by extension 'cmake'
[0.102s] Level 1:colcon.colcon_core.package_identification:_identify(src/realsense-ros/scripts) by extension 'python'
[0.102s] Level 1:colcon.colcon_core.package_identification:_identify(src/realsense-ros/scripts) by extensions ['python_setup_py']
[0.102s] Level 1:colcon.colcon_core.package_identification:_identify(src/realsense-ros/scripts) by extension 'python_setup_py'
[0.102s] Level 1:colcon.colcon_core.package_identification:_identify(src/rpg_vikit) by extensions ['ignore', 'ignore_ament_install']
[0.102s] Level 1:colcon.colcon_core.package_identification:_identify(src/rpg_vikit) by extension 'ignore'
[0.102s] Level 1:colcon.colcon_core.package_identification:_identify(src/rpg_vikit) by extension 'ignore_ament_install'
[0.102s] Level 1:colcon.colcon_core.package_identification:_identify(src/rpg_vikit) by extensions ['colcon_pkg']
[0.102s] Level 1:colcon.colcon_core.package_identification:_identify(src/rpg_vikit) by extension 'colcon_pkg'
[0.102s] Level 1:colcon.colcon_core.package_identification:_identify(src/rpg_vikit) by extensions ['colcon_meta']
[0.102s] Level 1:colcon.colcon_core.package_identification:_identify(src/rpg_vikit) by extension 'colcon_meta'
[0.102s] Level 1:colcon.colcon_core.package_identification:_identify(src/rpg_vikit) by extensions ['ros']
[0.102s] Level 1:colcon.colcon_core.package_identification:_identify(src/rpg_vikit) by extension 'ros'
[0.102s] Level 1:colcon.colcon_core.package_identification:_identify(src/rpg_vikit) by extensions ['cmake', 'python']
[0.102s] Level 1:colcon.colcon_core.package_identification:_identify(src/rpg_vikit) by extension 'cmake'
[0.102s] Level 1:colcon.colcon_core.package_identification:_identify(src/rpg_vikit) by extension 'python'
[0.102s] Level 1:colcon.colcon_core.package_identification:_identify(src/rpg_vikit) by extensions ['python_setup_py']
[0.102s] Level 1:colcon.colcon_core.package_identification:_identify(src/rpg_vikit) by extension 'python_setup_py'
[0.103s] Level 1:colcon.colcon_core.package_identification:_identify(src/rpg_vikit/vikit_common) by extensions ['ignore', 'ignore_ament_install']
[0.103s] Level 1:colcon.colcon_core.package_identification:_identify(src/rpg_vikit/vikit_common) by extension 'ignore'
[0.103s] Level 1:colcon.colcon_core.package_identification:_identify(src/rpg_vikit/vikit_common) by extension 'ignore_ament_install'
[0.103s] Level 1:colcon.colcon_core.package_identification:_identify(src/rpg_vikit/vikit_common) by extensions ['colcon_pkg']
[0.103s] Level 1:colcon.colcon_core.package_identification:_identify(src/rpg_vikit/vikit_common) by extension 'colcon_pkg'
[0.103s] Level 1:colcon.colcon_core.package_identification:_identify(src/rpg_vikit/vikit_common) by extensions ['colcon_meta']
[0.103s] Level 1:colcon.colcon_core.package_identification:_identify(src/rpg_vikit/vikit_common) by extension 'colcon_meta'
[0.103s] Level 1:colcon.colcon_core.package_identification:_identify(src/rpg_vikit/vikit_common) by extensions ['ros']
[0.103s] Level 1:colcon.colcon_core.package_identification:_identify(src/rpg_vikit/vikit_common) by extension 'ros'
[0.103s] DEBUG:colcon.colcon_core.package_identification:Package 'src/rpg_vikit/vikit_common' with type 'ros.catkin' and name 'vikit_common'
[0.103s] Level 1:colcon.colcon_core.package_identification:_identify(src/rpg_vikit/vikit_py) by extensions ['ignore', 'ignore_ament_install']
[0.103s] Level 1:colcon.colcon_core.package_identification:_identify(src/rpg_vikit/vikit_py) by extension 'ignore'
[0.103s] Level 1:colcon.colcon_core.package_identification:_identify(src/rpg_vikit/vikit_py) by extension 'ignore_ament_install'
[0.103s] Level 1:colcon.colcon_core.package_identification:_identify(src/rpg_vikit/vikit_py) by extensions ['colcon_pkg']
[0.103s] Level 1:colcon.colcon_core.package_identification:_identify(src/rpg_vikit/vikit_py) by extension 'colcon_pkg'
[0.103s] Level 1:colcon.colcon_core.package_identification:_identify(src/rpg_vikit/vikit_py) by extensions ['colcon_meta']
[0.103s] Level 1:colcon.colcon_core.package_identification:_identify(src/rpg_vikit/vikit_py) by extension 'colcon_meta'
[0.103s] Level 1:colcon.colcon_core.package_identification:_identify(src/rpg_vikit/vikit_py) by extensions ['ros']
[0.103s] Level 1:colcon.colcon_core.package_identification:_identify(src/rpg_vikit/vikit_py) by extension 'ros'
[0.103s] DEBUG:colcon.colcon_core.package_identification:Package 'src/rpg_vikit/vikit_py' with type 'ros.ament_cmake' and name 'vikit_py'
[0.103s] Level 1:colcon.colcon_core.package_identification:_identify(src/rpg_vikit/vikit_ros) by extensions ['ignore', 'ignore_ament_install']
[0.103s] Level 1:colcon.colcon_core.package_identification:_identify(src/rpg_vikit/vikit_ros) by extension 'ignore'
[0.104s] Level 1:colcon.colcon_core.package_identification:_identify(src/rpg_vikit/vikit_ros) by extension 'ignore_ament_install'
[0.104s] Level 1:colcon.colcon_core.package_identification:_identify(src/rpg_vikit/vikit_ros) by extensions ['colcon_pkg']
[0.104s] Level 1:colcon.colcon_core.package_identification:_identify(src/rpg_vikit/vikit_ros) by extension 'colcon_pkg'
[0.104s] Level 1:colcon.colcon_core.package_identification:_identify(src/rpg_vikit/vikit_ros) by extensions ['colcon_meta']
[0.104s] Level 1:colcon.colcon_core.package_identification:_identify(src/rpg_vikit/vikit_ros) by extension 'colcon_meta'
[0.104s] Level 1:colcon.colcon_core.package_identification:_identify(src/rpg_vikit/vikit_ros) by extensions ['ros']
[0.104s] Level 1:colcon.colcon_core.package_identification:_identify(src/rpg_vikit/vikit_ros) by extension 'ros'
[0.104s] DEBUG:colcon.colcon_core.package_identification:Package 'src/rpg_vikit/vikit_ros' with type 'ros.ament_cmake' and name 'vikit_ros'
[0.104s] Level 1:colcon.colcon_core.package_identification:_identify(src/top_pkg) by extensions ['ignore', 'ignore_ament_install']
[0.104s] Level 1:colcon.colcon_core.package_identification:_identify(src/top_pkg) by extension 'ignore'
[0.104s] Level 1:colcon.colcon_core.package_identification:_identify(src/top_pkg) by extension 'ignore_ament_install'
[0.104s] Level 1:colcon.colcon_core.package_identification:_identify(src/top_pkg) by extensions ['colcon_pkg']
[0.104s] Level 1:colcon.colcon_core.package_identification:_identify(src/top_pkg) by extension 'colcon_pkg'
[0.104s] Level 1:colcon.colcon_core.package_identification:_identify(src/top_pkg) by extensions ['colcon_meta']
[0.104s] Level 1:colcon.colcon_core.package_identification:_identify(src/top_pkg) by extension 'colcon_meta'
[0.104s] Level 1:colcon.colcon_core.package_identification:_identify(src/top_pkg) by extensions ['ros']
[0.104s] Level 1:colcon.colcon_core.package_identification:_identify(src/top_pkg) by extension 'ros'
[0.104s] DEBUG:colcon.colcon_core.package_identification:Package 'src/top_pkg' with type 'ros.ament_cmake' and name 'top_pkg'
[0.104s] Level 1:colcon.colcon_core.package_discovery:discover_packages(recursive) using defaults
[0.104s] Level 1:colcon.colcon_core.package_discovery:discover_packages(ignore) discover
[0.104s] Level 1:colcon.colcon_core.package_discovery:discover_packages(ignore) using defaults
[0.104s] Level 1:colcon.colcon_core.package_discovery:discover_packages(path) discover
[0.104s] Level 1:colcon.colcon_core.package_discovery:discover_packages(path) using defaults
[0.115s] Level 5:colcon.colcon_core.verb:set package 'livox_ros_driver2' build argument 'cmake_args' from command line to 'None'
[0.115s] Level 5:colcon.colcon_core.verb:set package 'livox_ros_driver2' build argument 'cmake_target' from command line to 'None'
[0.115s] Level 5:colcon.colcon_core.verb:set package 'livox_ros_driver2' build argument 'cmake_target_skip_unavailable' from command line to 'False'
[0.115s] Level 5:colcon.colcon_core.verb:set package 'livox_ros_driver2' build argument 'cmake_clean_cache' from command line to 'False'
[0.115s] Level 5:colcon.colcon_core.verb:set package 'livox_ros_driver2' build argument 'cmake_clean_first' from command line to 'False'
[0.115s] Level 5:colcon.colcon_core.verb:set package 'livox_ros_driver2' build argument 'cmake_force_configure' from command line to 'False'
[0.115s] Level 5:colcon.colcon_core.verb:set package 'livox_ros_driver2' build argument 'ament_cmake_args' from command line to 'None'
[0.115s] Level 5:colcon.colcon_core.verb:set package 'livox_ros_driver2' build argument 'catkin_cmake_args' from command line to 'None'
[0.115s] Level 5:colcon.colcon_core.verb:set package 'livox_ros_driver2' build argument 'catkin_skip_building_tests' from command line to 'False'
[0.115s] DEBUG:colcon.colcon_core.verb:Building package 'livox_ros_driver2' with the following arguments: {'ament_cmake_args': None, 'build_base': '/home/fire/Desktop/fast_livo2_ws/build/livox_ros_driver2', 'catkin_cmake_args': None, 'catkin_skip_building_tests': False, 'cmake_args': None, 'cmake_clean_cache': False, 'cmake_clean_first': False, 'cmake_force_configure': False, 'cmake_target': None, 'cmake_target_skip_unavailable': False, 'install_base': '/home/fire/Desktop/fast_livo2_ws/install/livox_ros_driver2', 'merge_install': False, 'path': '/home/fire/Desktop/fast_livo2_ws/src/livox_ros_driver2', 'symlink_install': False, 'test_result_base': None}
[0.115s] Level 5:colcon.colcon_core.verb:set package 'realsense2_camera_msgs' build argument 'cmake_args' from command line to 'None'
[0.115s] Level 5:colcon.colcon_core.verb:set package 'realsense2_camera_msgs' build argument 'cmake_target' from command line to 'None'
[0.115s] Level 5:colcon.colcon_core.verb:set package 'realsense2_camera_msgs' build argument 'cmake_target_skip_unavailable' from command line to 'False'
[0.115s] Level 5:colcon.colcon_core.verb:set package 'realsense2_camera_msgs' build argument 'cmake_clean_cache' from command line to 'False'
[0.115s] Level 5:colcon.colcon_core.verb:set package 'realsense2_camera_msgs' build argument 'cmake_clean_first' from command line to 'False'
[0.115s] Level 5:colcon.colcon_core.verb:set package 'realsense2_camera_msgs' build argument 'cmake_force_configure' from command line to 'False'
[0.115s] Level 5:colcon.colcon_core.verb:set package 'realsense2_camera_msgs' build argument 'ament_cmake_args' from command line to 'None'
[0.115s] Level 5:colcon.colcon_core.verb:set package 'realsense2_camera_msgs' build argument 'catkin_cmake_args' from command line to 'None'
[0.115s] Level 5:colcon.colcon_core.verb:set package 'realsense2_camera_msgs' build argument 'catkin_skip_building_tests' from command line to 'False'
[0.115s] DEBUG:colcon.colcon_core.verb:Building package 'realsense2_camera_msgs' with the following arguments: {'ament_cmake_args': None, 'build_base': '/home/fire/Desktop/fast_livo2_ws/build/realsense2_camera_msgs', 'catkin_cmake_args': None, 'catkin_skip_building_tests': False, 'cmake_args': None, 'cmake_clean_cache': False, 'cmake_clean_first': False, 'cmake_force_configure': False, 'cmake_target': None, 'cmake_target_skip_unavailable': False, 'install_base': '/home/fire/Desktop/fast_livo2_ws/install/realsense2_camera_msgs', 'merge_install': False, 'path': '/home/fire/Desktop/fast_livo2_ws/src/realsense-ros/realsense2_camera_msgs', 'symlink_install': False, 'test_result_base': None}
[0.115s] Level 5:colcon.colcon_core.verb:set package 'vikit_common' build argument 'cmake_args' from command line to 'None'
[0.115s] Level 5:colcon.colcon_core.verb:set package 'vikit_common' build argument 'cmake_target' from command line to 'None'
[0.115s] Level 5:colcon.colcon_core.verb:set package 'vikit_common' build argument 'cmake_target_skip_unavailable' from command line to 'False'
[0.115s] Level 5:colcon.colcon_core.verb:set package 'vikit_common' build argument 'cmake_clean_cache' from command line to 'False'
[0.115s] Level 5:colcon.colcon_core.verb:set package 'vikit_common' build argument 'cmake_clean_first' from command line to 'False'
[0.115s] Level 5:colcon.colcon_core.verb:set package 'vikit_common' build argument 'cmake_force_configure' from command line to 'False'
[0.115s] Level 5:colcon.colcon_core.verb:set package 'vikit_common' build argument 'ament_cmake_args' from command line to 'None'
[0.115s] Level 5:colcon.colcon_core.verb:set package 'vikit_common' build argument 'catkin_cmake_args' from command line to 'None'
[0.115s] Level 5:colcon.colcon_core.verb:set package 'vikit_common' build argument 'catkin_skip_building_tests' from command line to 'False'
[0.115s] DEBUG:colcon.colcon_core.verb:Building package 'vikit_common' with the following arguments: {'ament_cmake_args': None, 'build_base': '/home/fire/Desktop/fast_livo2_ws/build/vikit_common', 'catkin_cmake_args': None, 'catkin_skip_building_tests': False, 'cmake_args': None, 'cmake_clean_cache': False, 'cmake_clean_first': False, 'cmake_force_configure': False, 'cmake_target': None, 'cmake_target_skip_unavailable': False, 'install_base': '/home/fire/Desktop/fast_livo2_ws/install/vikit_common', 'merge_install': False, 'path': '/home/fire/Desktop/fast_livo2_ws/src/rpg_vikit/vikit_common', 'symlink_install': False, 'test_result_base': None}
[0.116s] Level 5:colcon.colcon_core.verb:set package 'vikit_py' build argument 'cmake_args' from command line to 'None'
[0.116s] Level 5:colcon.colcon_core.verb:set package 'vikit_py' build argument 'cmake_target' from command line to 'None'
[0.116s] Level 5:colcon.colcon_core.verb:set package 'vikit_py' build argument 'cmake_target_skip_unavailable' from command line to 'False'
[0.116s] Level 5:colcon.colcon_core.verb:set package 'vikit_py' build argument 'cmake_clean_cache' from command line to 'False'
[0.116s] Level 5:colcon.colcon_core.verb:set package 'vikit_py' build argument 'cmake_clean_first' from command line to 'False'
[0.116s] Level 5:colcon.colcon_core.verb:set package 'vikit_py' build argument 'cmake_force_configure' from command line to 'False'
[0.116s] Level 5:colcon.colcon_core.verb:set package 'vikit_py' build argument 'ament_cmake_args' from command line to 'None'
[0.116s] Level 5:colcon.colcon_core.verb:set package 'vikit_py' build argument 'catkin_cmake_args' from command line to 'None'
[0.116s] Level 5:colcon.colcon_core.verb:set package 'vikit_py' build argument 'catkin_skip_building_tests' from command line to 'False'
[0.116s] DEBUG:colcon.colcon_core.verb:Building package 'vikit_py' with the following arguments: {'ament_cmake_args': None, 'build_base': '/home/fire/Desktop/fast_livo2_ws/build/vikit_py', 'catkin_cmake_args': None, 'catkin_skip_building_tests': False, 'cmake_args': None, 'cmake_clean_cache': False, 'cmake_clean_first': False, 'cmake_force_configure': False, 'cmake_target': None, 'cmake_target_skip_unavailable': False, 'install_base': '/home/fire/Desktop/fast_livo2_ws/install/vikit_py', 'merge_install': False, 'path': '/home/fire/Desktop/fast_livo2_ws/src/rpg_vikit/vikit_py', 'symlink_install': False, 'test_result_base': None}
[0.116s] Level 5:colcon.colcon_core.verb:set package 'realsense2_camera' build argument 'cmake_args' from command line to 'None'
[0.116s] Level 5:colcon.colcon_core.verb:set package 'realsense2_camera' build argument 'cmake_target' from command line to 'None'
[0.116s] Level 5:colcon.colcon_core.verb:set package 'realsense2_camera' build argument 'cmake_target_skip_unavailable' from command line to 'False'
[0.116s] Level 5:colcon.colcon_core.verb:set package 'realsense2_camera' build argument 'cmake_clean_cache' from command line to 'False'
[0.116s] Level 5:colcon.colcon_core.verb:set package 'realsense2_camera' build argument 'cmake_clean_first' from command line to 'False'
[0.116s] Level 5:colcon.colcon_core.verb:set package 'realsense2_camera' build argument 'cmake_force_configure' from command line to 'False'
[0.116s] Level 5:colcon.colcon_core.verb:set package 'realsense2_camera' build argument 'ament_cmake_args' from command line to 'None'
[0.116s] Level 5:colcon.colcon_core.verb:set package 'realsense2_camera' build argument 'catkin_cmake_args' from command line to 'None'
[0.116s] Level 5:colcon.colcon_core.verb:set package 'realsense2_camera' build argument 'catkin_skip_building_tests' from command line to 'False'
[0.116s] DEBUG:colcon.colcon_core.verb:Building package 'realsense2_camera' with the following arguments: {'ament_cmake_args': None, 'build_base': '/home/fire/Desktop/fast_livo2_ws/build/realsense2_camera', 'catkin_cmake_args': None, 'catkin_skip_building_tests': False, 'cmake_args': None, 'cmake_clean_cache': False, 'cmake_clean_first': False, 'cmake_force_configure': False, 'cmake_target': None, 'cmake_target_skip_unavailable': False, 'install_base': '/home/fire/Desktop/fast_livo2_ws/install/realsense2_camera', 'merge_install': False, 'path': '/home/fire/Desktop/fast_livo2_ws/src/realsense-ros/realsense2_camera', 'symlink_install': False, 'test_result_base': None}
[0.116s] Level 5:colcon.colcon_core.verb:set package 'realsense2_description' build argument 'cmake_args' from command line to 'None'
[0.116s] Level 5:colcon.colcon_core.verb:set package 'realsense2_description' build argument 'cmake_target' from command line to 'None'
[0.116s] Level 5:colcon.colcon_core.verb:set package 'realsense2_description' build argument 'cmake_target_skip_unavailable' from command line to 'False'
[0.116s] Level 5:colcon.colcon_core.verb:set package 'realsense2_description' build argument 'cmake_clean_cache' from command line to 'False'
[0.116s] Level 5:colcon.colcon_core.verb:set package 'realsense2_description' build argument 'cmake_clean_first' from command line to 'False'
[0.116s] Level 5:colcon.colcon_core.verb:set package 'realsense2_description' build argument 'cmake_force_configure' from command line to 'False'
[0.116s] Level 5:colcon.colcon_core.verb:set package 'realsense2_description' build argument 'ament_cmake_args' from command line to 'None'
[0.116s] Level 5:colcon.colcon_core.verb:set package 'realsense2_description' build argument 'catkin_cmake_args' from command line to 'None'
[0.116s] Level 5:colcon.colcon_core.verb:set package 'realsense2_description' build argument 'catkin_skip_building_tests' from command line to 'False'
[0.116s] DEBUG:colcon.colcon_core.verb:Building package 'realsense2_description' with the following arguments: {'ament_cmake_args': None, 'build_base': '/home/fire/Desktop/fast_livo2_ws/build/realsense2_description', 'catkin_cmake_args': None, 'catkin_skip_building_tests': False, 'cmake_args': None, 'cmake_clean_cache': False, 'cmake_clean_first': False, 'cmake_force_configure': False, 'cmake_target': None, 'cmake_target_skip_unavailable': False, 'install_base': '/home/fire/Desktop/fast_livo2_ws/install/realsense2_description', 'merge_install': False, 'path': '/home/fire/Desktop/fast_livo2_ws/src/realsense-ros/realsense2_description', 'symlink_install': False, 'test_result_base': None}
[0.116s] Level 5:colcon.colcon_core.verb:set package 'vikit_ros' build argument 'cmake_args' from command line to 'None'
[0.116s] Level 5:colcon.colcon_core.verb:set package 'vikit_ros' build argument 'cmake_target' from command line to 'None'
[0.116s] Level 5:colcon.colcon_core.verb:set package 'vikit_ros' build argument 'cmake_target_skip_unavailable' from command line to 'False'
[0.116s] Level 5:colcon.colcon_core.verb:set package 'vikit_ros' build argument 'cmake_clean_cache' from command line to 'False'
[0.116s] Level 5:colcon.colcon_core.verb:set package 'vikit_ros' build argument 'cmake_clean_first' from command line to 'False'
[0.116s] Level 5:colcon.colcon_core.verb:set package 'vikit_ros' build argument 'cmake_force_configure' from command line to 'False'
[0.116s] Level 5:colcon.colcon_core.verb:set package 'vikit_ros' build argument 'ament_cmake_args' from command line to 'None'
[0.116s] Level 5:colcon.colcon_core.verb:set package 'vikit_ros' build argument 'catkin_cmake_args' from command line to 'None'
[0.116s] Level 5:colcon.colcon_core.verb:set package 'vikit_ros' build argument 'catkin_skip_building_tests' from command line to 'False'
[0.116s] DEBUG:colcon.colcon_core.verb:Building package 'vikit_ros' with the following arguments: {'ament_cmake_args': None, 'build_base': '/home/fire/Desktop/fast_livo2_ws/build/vikit_ros', 'catkin_cmake_args': None, 'catkin_skip_building_tests': False, 'cmake_args': None, 'cmake_clean_cache': False, 'cmake_clean_first': False, 'cmake_force_configure': False, 'cmake_target': None, 'cmake_target_skip_unavailable': False, 'install_base': '/home/fire/Desktop/fast_livo2_ws/install/vikit_ros', 'merge_install': False, 'path': '/home/fire/Desktop/fast_livo2_ws/src/rpg_vikit/vikit_ros', 'symlink_install': False, 'test_result_base': None}
[0.116s] Level 5:colcon.colcon_core.verb:set package 'fast_livo' build argument 'cmake_args' from command line to 'None'
[0.116s] Level 5:colcon.colcon_core.verb:set package 'fast_livo' build argument 'cmake_target' from command line to 'None'
[0.116s] Level 5:colcon.colcon_core.verb:set package 'fast_livo' build argument 'cmake_target_skip_unavailable' from command line to 'False'
[0.116s] Level 5:colcon.colcon_core.verb:set package 'fast_livo' build argument 'cmake_clean_cache' from command line to 'False'
[0.116s] Level 5:colcon.colcon_core.verb:set package 'fast_livo' build argument 'cmake_clean_first' from command line to 'False'
[0.116s] Level 5:colcon.colcon_core.verb:set package 'fast_livo' build argument 'cmake_force_configure' from command line to 'False'
[0.116s] Level 5:colcon.colcon_core.verb:set package 'fast_livo' build argument 'ament_cmake_args' from command line to 'None'
[0.116s] Level 5:colcon.colcon_core.verb:set package 'fast_livo' build argument 'catkin_cmake_args' from command line to 'None'
[0.116s] Level 5:colcon.colcon_core.verb:set package 'fast_livo' build argument 'catkin_skip_building_tests' from command line to 'False'
[0.116s] DEBUG:colcon.colcon_core.verb:Building package 'fast_livo' with the following arguments: {'ament_cmake_args': None, 'build_base': '/home/fire/Desktop/fast_livo2_ws/build/fast_livo', 'catkin_cmake_args': None, 'catkin_skip_building_tests': False, 'cmake_args': None, 'cmake_clean_cache': False, 'cmake_clean_first': False, 'cmake_force_configure': False, 'cmake_target': None, 'cmake_target_skip_unavailable': False, 'install_base': '/home/fire/Desktop/fast_livo2_ws/install/fast_livo', 'merge_install': False, 'path': '/home/fire/Desktop/fast_livo2_ws/src/FAST-LIVO2', 'symlink_install': False, 'test_result_base': None}
[0.116s] Level 5:colcon.colcon_core.verb:set package 'top_pkg' build argument 'cmake_args' from command line to 'None'
[0.116s] Level 5:colcon.colcon_core.verb:set package 'top_pkg' build argument 'cmake_target' from command line to 'None'
[0.116s] Level 5:colcon.colcon_core.verb:set package 'top_pkg' build argument 'cmake_target_skip_unavailable' from command line to 'False'
[0.116s] Level 5:colcon.colcon_core.verb:set package 'top_pkg' build argument 'cmake_clean_cache' from command line to 'False'
[0.116s] Level 5:colcon.colcon_core.verb:set package 'top_pkg' build argument 'cmake_clean_first' from command line to 'False'
[0.116s] Level 5:colcon.colcon_core.verb:set package 'top_pkg' build argument 'cmake_force_configure' from command line to 'False'
[0.116s] Level 5:colcon.colcon_core.verb:set package 'top_pkg' build argument 'ament_cmake_args' from command line to 'None'
[0.117s] Level 5:colcon.colcon_core.verb:set package 'top_pkg' build argument 'catkin_cmake_args' from command line to 'None'
[0.117s] Level 5:colcon.colcon_core.verb:set package 'top_pkg' build argument 'catkin_skip_building_tests' from command line to 'False'
[0.117s] DEBUG:colcon.colcon_core.verb:Building package 'top_pkg' with the following arguments: {'ament_cmake_args': None, 'build_base': '/home/fire/Desktop/fast_livo2_ws/build/top_pkg', 'catkin_cmake_args': None, 'catkin_skip_building_tests': False, 'cmake_args': None, 'cmake_clean_cache': False, 'cmake_clean_first': False, 'cmake_force_configure': False, 'cmake_target': None, 'cmake_target_skip_unavailable': False, 'install_base': '/home/fire/Desktop/fast_livo2_ws/install/top_pkg', 'merge_install': False, 'path': '/home/fire/Desktop/fast_livo2_ws/src/top_pkg', 'symlink_install': False, 'test_result_base': None}
[0.117s] INFO:colcon.colcon_core.executor:Executing jobs using 'parallel' executor
[0.117s] DEBUG:colcon.colcon_parallel_executor.executor.parallel:run_until_complete
[0.117s] INFO:colcon.colcon_ros.task.ament_cmake.build:Building ROS package in '/home/fire/Desktop/fast_livo2_ws/src/realsense-ros/realsense2_camera_msgs' with build type 'ament_cmake'
[0.117s] INFO:colcon.colcon_cmake.task.cmake.build:Building CMake package in '/home/fire/Desktop/fast_livo2_ws/src/realsense-ros/realsense2_camera_msgs'
[0.118s] INFO:colcon.colcon_core.plugin_system:Skipping extension 'colcon_core.shell.bat': Not used on non-Windows systems
[0.119s] DEBUG:colcon.colcon_core.shell:Skip shell extension 'dsv' for command environment
[0.121s] INFO:colcon.colcon_ros.task.catkin.build:Building ROS package in '/home/fire/Desktop/fast_livo2_ws/src/rpg_vikit/vikit_common' with build type 'catkin'
[0.121s] INFO:colcon.colcon_cmake.task.cmake.build:Building CMake package in '/home/fire/Desktop/fast_livo2_ws/src/rpg_vikit/vikit_common'
[0.121s] DEBUG:colcon.colcon_core.shell:Skip shell extension 'dsv' for command environment
[0.123s] INFO:colcon.colcon_ros.task.ament_cmake.build:Building ROS package in '/home/fire/Desktop/fast_livo2_ws/src/livox_ros_driver2' with build type 'ament_cmake'
[0.123s] INFO:colcon.colcon_cmake.task.cmake.build:Building CMake package in '/home/fire/Desktop/fast_livo2_ws/src/livox_ros_driver2'
[0.123s] DEBUG:colcon.colcon_core.shell:Skip shell extension 'dsv' for command environment
[0.124s] INFO:colcon.colcon_ros.task.ament_cmake.build:Building ROS package in '/home/fire/Desktop/fast_livo2_ws/src/rpg_vikit/vikit_py' with build type 'ament_cmake'
[0.124s] INFO:colcon.colcon_cmake.task.cmake.build:Building CMake package in '/home/fire/Desktop/fast_livo2_ws/src/rpg_vikit/vikit_py'
[0.124s] DEBUG:colcon.colcon_core.shell:Skip shell extension 'dsv' for command environment
[0.127s] DEBUG:colcon.colcon_core.event_handler.log_command:Invoking command in '/home/fire/Desktop/fast_livo2_ws/build/realsense2_camera_msgs': CMAKE_PREFIX_PATH=${CMAKE_PREFIX_PATH}:/opt/ros/jazzy DEBUGINFOD_URLS=https://debuginfod.ubuntu.com /usr/bin/cmake /home/fire/Desktop/fast_livo2_ws/src/realsense-ros/realsense2_camera_msgs -DCMAKE_INSTALL_PREFIX=/home/fire/Desktop/fast_livo2_ws/install/realsense2_camera_msgs
[0.132s] DEBUG:colcon.colcon_core.event_handler.log_command:Invoking command in '/home/fire/Desktop/fast_livo2_ws/build/vikit_common': DEBUGINFOD_URLS=https://debuginfod.ubuntu.com /usr/bin/cmake /home/fire/Desktop/fast_livo2_ws/src/rpg_vikit/vikit_common -DCATKIN_INSTALL_INTO_PREFIX_ROOT=0 -DCMAKE_INSTALL_PREFIX=/home/fire/Desktop/fast_livo2_ws/install/vikit_common
[0.133s] DEBUG:colcon.colcon_core.event_handler.log_command:Invoking command in '/home/fire/Desktop/fast_livo2_ws/build/livox_ros_driver2': CMAKE_PREFIX_PATH=${CMAKE_PREFIX_PATH}:/opt/ros/jazzy DEBUGINFOD_URLS=https://debuginfod.ubuntu.com /usr/bin/cmake /home/fire/Desktop/fast_livo2_ws/src/livox_ros_driver2 -DCMAKE_INSTALL_PREFIX=/home/fire/Desktop/fast_livo2_ws/install/livox_ros_driver2
[0.136s] DEBUG:colcon.colcon_core.event_handler.log_command:Invoking command in '/home/fire/Desktop/fast_livo2_ws/build/vikit_py': CMAKE_PREFIX_PATH=${CMAKE_PREFIX_PATH}:/opt/ros/jazzy DEBUGINFOD_URLS=https://debuginfod.ubuntu.com /usr/bin/cmake /home/fire/Desktop/fast_livo2_ws/src/rpg_vikit/vikit_py -DCMAKE_INSTALL_PREFIX=/home/fire/Desktop/fast_livo2_ws/install/vikit_py
[0.432s] DEBUG:colcon.colcon_core.event_handler.log_command:Invoked command in '/home/fire/Desktop/fast_livo2_ws/build/vikit_common' returned '0': DEBUGINFOD_URLS=https://debuginfod.ubuntu.com /usr/bin/cmake /home/fire/Desktop/fast_livo2_ws/src/rpg_vikit/vikit_common -DCATKIN_INSTALL_INTO_PREFIX_ROOT=0 -DCMAKE_INSTALL_PREFIX=/home/fire/Desktop/fast_livo2_ws/install/vikit_common
[0.433s] DEBUG:colcon.colcon_core.event_handler.log_command:Invoking command in '/home/fire/Desktop/fast_livo2_ws/build/vikit_common': DEBUGINFOD_URLS=https://debuginfod.ubuntu.com /usr/bin/cmake --build /home/fire/Desktop/fast_livo2_ws/build/vikit_common -- -j24 -l24
[0.713s] DEBUG:colcon.colcon_core.event_handler.log_command:Invoked command in '/home/fire/Desktop/fast_livo2_ws/build/vikit_py' returned '0': CMAKE_PREFIX_PATH=${CMAKE_PREFIX_PATH}:/opt/ros/jazzy DEBUGINFOD_URLS=https://debuginfod.ubuntu.com /usr/bin/cmake /home/fire/Desktop/fast_livo2_ws/src/rpg_vikit/vikit_py -DCMAKE_INSTALL_PREFIX=/home/fire/Desktop/fast_livo2_ws/install/vikit_py
[0.714s] DEBUG:colcon.colcon_core.event_handler.log_command:Invoking command in '/home/fire/Desktop/fast_livo2_ws/build/vikit_py': CMAKE_PREFIX_PATH=${CMAKE_PREFIX_PATH}:/opt/ros/jazzy DEBUGINFOD_URLS=https://debuginfod.ubuntu.com /usr/bin/cmake --build /home/fire/Desktop/fast_livo2_ws/build/vikit_py -- -j24 -l24
[0.745s] DEBUG:colcon.colcon_core.event_handler.log_command:Invoked command in '/home/fire/Desktop/fast_livo2_ws/build/vikit_py' returned '0': CMAKE_PREFIX_PATH=${CMAKE_PREFIX_PATH}:/opt/ros/jazzy DEBUGINFOD_URLS=https://debuginfod.ubuntu.com /usr/bin/cmake --build /home/fire/Desktop/fast_livo2_ws/build/vikit_py -- -j24 -l24
[0.757s] DEBUG:colcon.colcon_core.event_handler.log_command:Invoking command in '/home/fire/Desktop/fast_livo2_ws/build/vikit_py': CMAKE_PREFIX_PATH=${CMAKE_PREFIX_PATH}:/opt/ros/jazzy DEBUGINFOD_URLS=https://debuginfod.ubuntu.com /usr/bin/cmake --install /home/fire/Desktop/fast_livo2_ws/build/vikit_py
[0.769s] Level 1:colcon.colcon_core.environment:create_environment_scripts_only(vikit_py)
[0.769s] DEBUG:colcon.colcon_core.event_handler.log_command:Invoked command in '/home/fire/Desktop/fast_livo2_ws/build/vikit_py' returned '0': CMAKE_PREFIX_PATH=${CMAKE_PREFIX_PATH}:/opt/ros/jazzy DEBUGINFOD_URLS=https://debuginfod.ubuntu.com /usr/bin/cmake --install /home/fire/Desktop/fast_livo2_ws/build/vikit_py
[0.771s] Level 1:colcon.colcon_core.environment:checking '/home/fire/Desktop/fast_livo2_ws/install/vikit_py' for CMake module files
[0.772s] Level 1:colcon.colcon_core.environment:checking '/home/fire/Desktop/fast_livo2_ws/install/vikit_py' for CMake config files
[0.772s] Level 1:colcon.colcon_core.shell:create_environment_hook('vikit_py', 'cmake_prefix_path')
[0.773s] INFO:colcon.colcon_core.shell:Creating environment descriptor '/home/fire/Desktop/fast_livo2_ws/install/vikit_py/share/vikit_py/hook/cmake_prefix_path.dsv'
[0.773s] INFO:colcon.colcon_core.shell:Creating environment hook '/home/fire/Desktop/fast_livo2_ws/install/vikit_py/share/vikit_py/hook/cmake_prefix_path.sh'
[0.774s] Level 1:colcon.colcon_core.environment:checking '/home/fire/Desktop/fast_livo2_ws/install/vikit_py/lib'
[0.774s] Level 1:colcon.colcon_core.environment:checking '/home/fire/Desktop/fast_livo2_ws/install/vikit_py/bin'
[0.774s] Level 1:colcon.colcon_core.environment:checking '/home/fire/Desktop/fast_livo2_ws/install/vikit_py/lib/pkgconfig/vikit_py.pc'
[0.776s] Level 1:colcon.colcon_core.environment:checking '/home/fire/Desktop/fast_livo2_ws/install/vikit_py/lib/python3.12/site-packages'
[0.777s] Level 1:colcon.colcon_core.environment:checking '/home/fire/Desktop/fast_livo2_ws/install/vikit_py/bin'
[0.777s] INFO:colcon.colcon_core.shell:Creating package descriptor '/home/fire/Desktop/fast_livo2_ws/install/vikit_py/share/vikit_py/package.dsv'
[0.778s] INFO:colcon.colcon_core.shell:Creating package script '/home/fire/Desktop/fast_livo2_ws/install/vikit_py/share/vikit_py/package.sh'
[0.779s] INFO:colcon.colcon_core.shell:Creating package script '/home/fire/Desktop/fast_livo2_ws/install/vikit_py/share/vikit_py/package.bash'
[0.779s] INFO:colcon.colcon_core.shell:Creating package script '/home/fire/Desktop/fast_livo2_ws/install/vikit_py/share/vikit_py/package.zsh'
[0.780s] Level 1:colcon.colcon_core.environment:create_file_with_runtime_dependencies(/home/fire/Desktop/fast_livo2_ws/install/vikit_py/share/colcon-core/packages/vikit_py)
[0.780s] Level 1:colcon.colcon_core.environment:create_environment_scripts_only(vikit_py)
[0.781s] Level 1:colcon.colcon_core.environment:checking '/home/fire/Desktop/fast_livo2_ws/install/vikit_py' for CMake module files
[0.781s] Level 1:colcon.colcon_core.environment:checking '/home/fire/Desktop/fast_livo2_ws/install/vikit_py' for CMake config files
[0.781s] Level 1:colcon.colcon_core.shell:create_environment_hook('vikit_py', 'cmake_prefix_path')
[0.781s] INFO:colcon.colcon_core.shell:Creating environment descriptor '/home/fire/Desktop/fast_livo2_ws/install/vikit_py/share/vikit_py/hook/cmake_prefix_path.dsv'
[0.782s] INFO:colcon.colcon_core.shell:Creating environment hook '/home/fire/Desktop/fast_livo2_ws/install/vikit_py/share/vikit_py/hook/cmake_prefix_path.sh'
[0.783s] Level 1:colcon.colcon_core.environment:checking '/home/fire/Desktop/fast_livo2_ws/install/vikit_py/lib'
[0.783s] Level 1:colcon.colcon_core.environment:checking '/home/fire/Desktop/fast_livo2_ws/install/vikit_py/bin'
[0.783s] Level 1:colcon.colcon_core.environment:checking '/home/fire/Desktop/fast_livo2_ws/install/vikit_py/lib/pkgconfig/vikit_py.pc'
[0.783s] Level 1:colcon.colcon_core.environment:checking '/home/fire/Desktop/fast_livo2_ws/install/vikit_py/lib/python3.12/site-packages'
[0.784s] Level 1:colcon.colcon_core.environment:checking '/home/fire/Desktop/fast_livo2_ws/install/vikit_py/bin'
[0.784s] INFO:colcon.colcon_core.shell:Creating package descriptor '/home/fire/Desktop/fast_livo2_ws/install/vikit_py/share/vikit_py/package.dsv'
[0.784s] INFO:colcon.colcon_core.shell:Creating package script '/home/fire/Desktop/fast_livo2_ws/install/vikit_py/share/vikit_py/package.sh'
[0.785s] INFO:colcon.colcon_core.shell:Creating package script '/home/fire/Desktop/fast_livo2_ws/install/vikit_py/share/vikit_py/package.bash'
[0.785s] INFO:colcon.colcon_core.shell:Creating package script '/home/fire/Desktop/fast_livo2_ws/install/vikit_py/share/vikit_py/package.zsh'
[0.786s] Level 1:colcon.colcon_core.environment:create_file_with_runtime_dependencies(/home/fire/Desktop/fast_livo2_ws/install/vikit_py/share/colcon-core/packages/vikit_py)
[3.368s] DEBUG:colcon.colcon_core.event_handler.log_command:Invoked command in '/home/fire/Desktop/fast_livo2_ws/build/realsense2_camera_msgs' returned '0': CMAKE_PREFIX_PATH=${CMAKE_PREFIX_PATH}:/opt/ros/jazzy DEBUGINFOD_URLS=https://debuginfod.ubuntu.com /usr/bin/cmake /home/fire/Desktop/fast_livo2_ws/src/realsense-ros/realsense2_camera_msgs -DCMAKE_INSTALL_PREFIX=/home/fire/Desktop/fast_livo2_ws/install/realsense2_camera_msgs
[3.369s] DEBUG:colcon.colcon_core.event_handler.log_command:Invoking command in '/home/fire/Desktop/fast_livo2_ws/build/realsense2_camera_msgs': CMAKE_PREFIX_PATH=${CMAKE_PREFIX_PATH}:/opt/ros/jazzy DEBUGINFOD_URLS=https://debuginfod.ubuntu.com /usr/bin/cmake --build /home/fire/Desktop/fast_livo2_ws/build/realsense2_camera_msgs -- -j24 -l24
[7.064s] DEBUG:colcon.colcon_core.event_handler.log_command:Invoked command in '/home/fire/Desktop/fast_livo2_ws/build/livox_ros_driver2' returned '0': CMAKE_PREFIX_PATH=${CMAKE_PREFIX_PATH}:/opt/ros/jazzy DEBUGINFOD_URLS=https://debuginfod.ubuntu.com /usr/bin/cmake /home/fire/Desktop/fast_livo2_ws/src/livox_ros_driver2 -DCMAKE_INSTALL_PREFIX=/home/fire/Desktop/fast_livo2_ws/install/livox_ros_driver2
[7.064s] DEBUG:colcon.colcon_core.event_handler.log_command:Invoking command in '/home/fire/Desktop/fast_livo2_ws/build/livox_ros_driver2': CMAKE_PREFIX_PATH=${CMAKE_PREFIX_PATH}:/opt/ros/jazzy DEBUGINFOD_URLS=https://debuginfod.ubuntu.com /usr/bin/cmake --build /home/fire/Desktop/fast_livo2_ws/build/livox_ros_driver2 -- -j24 -l24
[10.313s] DEBUG:colcon.colcon_core.event_handler.log_command:Invoked command in '/home/fire/Desktop/fast_livo2_ws/build/realsense2_camera_msgs' returned '0': CMAKE_PREFIX_PATH=${CMAKE_PREFIX_PATH}:/opt/ros/jazzy DEBUGINFOD_URLS=https://debuginfod.ubuntu.com /usr/bin/cmake --build /home/fire/Desktop/fast_livo2_ws/build/realsense2_camera_msgs -- -j24 -l24
[10.313s] DEBUG:colcon.colcon_core.event_handler.log_command:Invoking command in '/home/fire/Desktop/fast_livo2_ws/build/realsense2_camera_msgs': CMAKE_PREFIX_PATH=${CMAKE_PREFIX_PATH}:/opt/ros/jazzy DEBUGINFOD_URLS=https://debuginfod.ubuntu.com /usr/bin/cmake --install /home/fire/Desktop/fast_livo2_ws/build/realsense2_camera_msgs
[10.407s] Level 1:colcon.colcon_core.environment:create_environment_scripts_only(realsense2_camera_msgs)
[10.407s] DEBUG:colcon.colcon_core.event_handler.log_command:Invoked command in '/home/fire/Desktop/fast_livo2_ws/build/realsense2_camera_msgs' returned '0': CMAKE_PREFIX_PATH=${CMAKE_PREFIX_PATH}:/opt/ros/jazzy DEBUGINFOD_URLS=https://debuginfod.ubuntu.com /usr/bin/cmake --install /home/fire/Desktop/fast_livo2_ws/build/realsense2_camera_msgs
[10.407s] Level 1:colcon.colcon_core.environment:checking '/home/fire/Desktop/fast_livo2_ws/install/realsense2_camera_msgs' for CMake module files
[10.408s] Level 1:colcon.colcon_core.environment:checking '/home/fire/Desktop/fast_livo2_ws/install/realsense2_camera_msgs' for CMake config files
[10.408s] Level 1:colcon.colcon_core.shell:create_environment_hook('realsense2_camera_msgs', 'cmake_prefix_path')
[10.408s] INFO:colcon.colcon_core.shell:Creating environment descriptor '/home/fire/Desktop/fast_livo2_ws/install/realsense2_camera_msgs/share/realsense2_camera_msgs/hook/cmake_prefix_path.dsv'
[10.408s] INFO:colcon.colcon_core.shell:Creating environment hook '/home/fire/Desktop/fast_livo2_ws/install/realsense2_camera_msgs/share/realsense2_camera_msgs/hook/cmake_prefix_path.sh'
[10.409s] Level 1:colcon.colcon_core.environment:checking '/home/fire/Desktop/fast_livo2_ws/install/realsense2_camera_msgs/lib'
[10.409s] Level 1:colcon.colcon_core.shell:create_environment_hook('realsense2_camera_msgs', 'ld_library_path_lib')
[10.409s] INFO:colcon.colcon_core.shell:Creating environment descriptor '/home/fire/Desktop/fast_livo2_ws/install/realsense2_camera_msgs/share/realsense2_camera_msgs/hook/ld_library_path_lib.dsv'
[10.409s] INFO:colcon.colcon_core.shell:Creating environment hook '/home/fire/Desktop/fast_livo2_ws/install/realsense2_camera_msgs/share/realsense2_camera_msgs/hook/ld_library_path_lib.sh'
[10.409s] Level 1:colcon.colcon_core.environment:checking '/home/fire/Desktop/fast_livo2_ws/install/realsense2_camera_msgs/bin'
[10.409s] Level 1:colcon.colcon_core.environment:checking '/home/fire/Desktop/fast_livo2_ws/install/realsense2_camera_msgs/lib/pkgconfig/realsense2_camera_msgs.pc'
[10.409s] Level 1:colcon.colcon_core.environment:checking '/home/fire/Desktop/fast_livo2_ws/install/realsense2_camera_msgs/lib/python3.12/site-packages'
[10.410s] Level 1:colcon.colcon_core.shell:create_environment_hook('realsense2_camera_msgs', 'pythonpath')
[10.410s] INFO:colcon.colcon_core.shell:Creating environment descriptor '/home/fire/Desktop/fast_livo2_ws/install/realsense2_camera_msgs/share/realsense2_camera_msgs/hook/pythonpath.dsv'
[10.410s] INFO:colcon.colcon_core.shell:Creating environment hook '/home/fire/Desktop/fast_livo2_ws/install/realsense2_camera_msgs/share/realsense2_camera_msgs/hook/pythonpath.sh'
[10.410s] Level 1:colcon.colcon_core.environment:checking '/home/fire/Desktop/fast_livo2_ws/install/realsense2_camera_msgs/bin'
[10.410s] INFO:colcon.colcon_core.shell:Creating package descriptor '/home/fire/Desktop/fast_livo2_ws/install/realsense2_camera_msgs/share/realsense2_camera_msgs/package.dsv'
[10.411s] INFO:colcon.colcon_core.shell:Creating package script '/home/fire/Desktop/fast_livo2_ws/install/realsense2_camera_msgs/share/realsense2_camera_msgs/package.sh'
[10.411s] INFO:colcon.colcon_core.shell:Creating package script '/home/fire/Desktop/fast_livo2_ws/install/realsense2_camera_msgs/share/realsense2_camera_msgs/package.bash'
[10.411s] INFO:colcon.colcon_core.shell:Creating package script '/home/fire/Desktop/fast_livo2_ws/install/realsense2_camera_msgs/share/realsense2_camera_msgs/package.zsh'
[10.411s] Level 1:colcon.colcon_core.environment:create_file_with_runtime_dependencies(/home/fire/Desktop/fast_livo2_ws/install/realsense2_camera_msgs/share/colcon-core/packages/realsense2_camera_msgs)
[10.411s] Level 1:colcon.colcon_core.environment:create_environment_scripts_only(realsense2_camera_msgs)
[10.412s] Level 1:colcon.colcon_core.environment:checking '/home/fire/Desktop/fast_livo2_ws/install/realsense2_camera_msgs' for CMake module files
[10.412s] Level 1:colcon.colcon_core.environment:checking '/home/fire/Desktop/fast_livo2_ws/install/realsense2_camera_msgs' for CMake config files
[10.412s] Level 1:colcon.colcon_core.shell:create_environment_hook('realsense2_camera_msgs', 'cmake_prefix_path')
[10.412s] INFO:colcon.colcon_core.shell:Creating environment descriptor '/home/fire/Desktop/fast_livo2_ws/install/realsense2_camera_msgs/share/realsense2_camera_msgs/hook/cmake_prefix_path.dsv'
[10.413s] INFO:colcon.colcon_core.shell:Creating environment hook '/home/fire/Desktop/fast_livo2_ws/install/realsense2_camera_msgs/share/realsense2_camera_msgs/hook/cmake_prefix_path.sh'
[10.413s] Level 1:colcon.colcon_core.environment:checking '/home/fire/Desktop/fast_livo2_ws/install/realsense2_camera_msgs/lib'
[10.413s] Level 1:colcon.colcon_core.shell:create_environment_hook('realsense2_camera_msgs', 'ld_library_path_lib')
[10.413s] INFO:colcon.colcon_core.shell:Creating environment descriptor '/home/fire/Desktop/fast_livo2_ws/install/realsense2_camera_msgs/share/realsense2_camera_msgs/hook/ld_library_path_lib.dsv'
[10.413s] INFO:colcon.colcon_core.shell:Creating environment hook '/home/fire/Desktop/fast_livo2_ws/install/realsense2_camera_msgs/share/realsense2_camera_msgs/hook/ld_library_path_lib.sh'
[10.413s] Level 1:colcon.colcon_core.environment:checking '/home/fire/Desktop/fast_livo2_ws/install/realsense2_camera_msgs/bin'
[10.414s] Level 1:colcon.colcon_core.environment:checking '/home/fire/Desktop/fast_livo2_ws/install/realsense2_camera_msgs/lib/pkgconfig/realsense2_camera_msgs.pc'
[10.414s] Level 1:colcon.colcon_core.environment:checking '/home/fire/Desktop/fast_livo2_ws/install/realsense2_camera_msgs/lib/python3.12/site-packages'
[10.414s] Level 1:colcon.colcon_core.shell:create_environment_hook('realsense2_camera_msgs', 'pythonpath')
[10.414s] INFO:colcon.colcon_core.shell:Creating environment descriptor '/home/fire/Desktop/fast_livo2_ws/install/realsense2_camera_msgs/share/realsense2_camera_msgs/hook/pythonpath.dsv'
[10.414s] INFO:colcon.colcon_core.shell:Creating environment hook '/home/fire/Desktop/fast_livo2_ws/install/realsense2_camera_msgs/share/realsense2_camera_msgs/hook/pythonpath.sh'
[10.414s] Level 1:colcon.colcon_core.environment:checking '/home/fire/Desktop/fast_livo2_ws/install/realsense2_camera_msgs/bin'
[10.415s] INFO:colcon.colcon_core.shell:Creating package descriptor '/home/fire/Desktop/fast_livo2_ws/install/realsense2_camera_msgs/share/realsense2_camera_msgs/package.dsv'
[10.415s] INFO:colcon.colcon_core.shell:Creating package script '/home/fire/Desktop/fast_livo2_ws/install/realsense2_camera_msgs/share/realsense2_camera_msgs/package.sh'
[10.415s] INFO:colcon.colcon_core.shell:Creating package script '/home/fire/Desktop/fast_livo2_ws/install/realsense2_camera_msgs/share/realsense2_camera_msgs/package.bash'
[10.415s] INFO:colcon.colcon_core.shell:Creating package script '/home/fire/Desktop/fast_livo2_ws/install/realsense2_camera_msgs/share/realsense2_camera_msgs/package.zsh'
[10.415s] Level 1:colcon.colcon_core.environment:create_file_with_runtime_dependencies(/home/fire/Desktop/fast_livo2_ws/install/realsense2_camera_msgs/share/colcon-core/packages/realsense2_camera_msgs)
[10.416s] INFO:colcon.colcon_ros.task.ament_cmake.build:Building ROS package in '/home/fire/Desktop/fast_livo2_ws/src/realsense-ros/realsense2_camera' with build type 'ament_cmake'
[10.416s] INFO:colcon.colcon_cmake.task.cmake.build:Building CMake package in '/home/fire/Desktop/fast_livo2_ws/src/realsense-ros/realsense2_camera'
[10.416s] DEBUG:colcon.colcon_core.shell:Skip shell extension 'dsv' for command environment
[10.418s] INFO:colcon.colcon_ros.task.ament_cmake.build:Building ROS package in '/home/fire/Desktop/fast_livo2_ws/src/realsense-ros/realsense2_description' with build type 'ament_cmake'
[10.418s] INFO:colcon.colcon_cmake.task.cmake.build:Building CMake package in '/home/fire/Desktop/fast_livo2_ws/src/realsense-ros/realsense2_description'
[10.418s] DEBUG:colcon.colcon_core.shell:Skip shell extension 'dsv' for command environment
[10.423s] DEBUG:colcon.colcon_core.event_handler.log_command:Invoking command in '/home/fire/Desktop/fast_livo2_ws/build/realsense2_camera': AMENT_PREFIX_PATH=/home/fire/Desktop/fast_livo2_ws/install/realsense2_camera_msgs:${AMENT_PREFIX_PATH} CMAKE_PREFIX_PATH=/home/fire/Desktop/fast_livo2_ws/install/realsense2_camera_msgs:/opt/ros/jazzy/opt/gz_sim_vendor:/opt/ros/jazzy/opt/gz_sensors_vendor:/opt/ros/jazzy/opt/gz_physics_vendor:/opt/ros/jazzy/opt/sdformat_vendor:/opt/ros/jazzy/opt/gz_gui_vendor:/opt/ros/jazzy/opt/gz_transport_vendor:/opt/ros/jazzy/opt/gz_rendering_vendor:/opt/ros/jazzy/opt/gz_plugin_vendor:/opt/ros/jazzy/opt/gz_fuel_tools_vendor:/opt/ros/jazzy/opt/gz_msgs_vendor:/opt/ros/jazzy/opt/gz_common_vendor:/opt/ros/jazzy/opt/gz_math_vendor:/opt/ros/jazzy/opt/gz_utils_vendor:/opt/ros/jazzy/opt/gz_tools_vendor:/opt/ros/jazzy/opt/gz_ogre_next_vendor:/opt/ros/jazzy/opt/gz_dartsim_vendor:/opt/ros/jazzy/opt/gz_cmake_vendor:/opt/ros/jazzy DEBUGINFOD_URLS=https://debuginfod.ubuntu.com LD_LIBRARY_PATH=/home/fire/Desktop/fast_livo2_ws/install/realsense2_camera_msgs/lib:${LD_LIBRARY_PATH} PYTHONPATH=/home/fire/Desktop/fast_livo2_ws/install/realsense2_camera_msgs/lib/python3.12/site-packages:${PYTHONPATH} /usr/bin/cmake /home/fire/Desktop/fast_livo2_ws/src/realsense-ros/realsense2_camera -DCMAKE_INSTALL_PREFIX=/home/fire/Desktop/fast_livo2_ws/install/realsense2_camera
[10.427s] DEBUG:colcon.colcon_core.event_handler.log_command:Invoking command in '/home/fire/Desktop/fast_livo2_ws/build/realsense2_description': AMENT_PREFIX_PATH=/home/fire/Desktop/fast_livo2_ws/install/realsense2_camera_msgs:${AMENT_PREFIX_PATH} CMAKE_PREFIX_PATH=/home/fire/Desktop/fast_livo2_ws/install/realsense2_camera_msgs:/opt/ros/jazzy/opt/gz_sim_vendor:/opt/ros/jazzy/opt/gz_sensors_vendor:/opt/ros/jazzy/opt/gz_physics_vendor:/opt/ros/jazzy/opt/sdformat_vendor:/opt/ros/jazzy/opt/gz_gui_vendor:/opt/ros/jazzy/opt/gz_transport_vendor:/opt/ros/jazzy/opt/gz_rendering_vendor:/opt/ros/jazzy/opt/gz_plugin_vendor:/opt/ros/jazzy/opt/gz_fuel_tools_vendor:/opt/ros/jazzy/opt/gz_msgs_vendor:/opt/ros/jazzy/opt/gz_common_vendor:/opt/ros/jazzy/opt/gz_math_vendor:/opt/ros/jazzy/opt/gz_utils_vendor:/opt/ros/jazzy/opt/gz_tools_vendor:/opt/ros/jazzy/opt/gz_ogre_next_vendor:/opt/ros/jazzy/opt/gz_dartsim_vendor:/opt/ros/jazzy/opt/gz_cmake_vendor:/opt/ros/jazzy DEBUGINFOD_URLS=https://debuginfod.ubuntu.com LD_LIBRARY_PATH=/home/fire/Desktop/fast_livo2_ws/install/realsense2_camera_msgs/lib:${LD_LIBRARY_PATH} PYTHONPATH=/home/fire/Desktop/fast_livo2_ws/install/realsense2_camera_msgs/lib/python3.12/site-packages:${PYTHONPATH} /usr/bin/cmake /home/fire/Desktop/fast_livo2_ws/src/realsense-ros/realsense2_description -DCMAKE_INSTALL_PREFIX=/home/fire/Desktop/fast_livo2_ws/install/realsense2_description
[10.925s] DEBUG:colcon.colcon_core.event_handler.log_command:Invoked command in '/home/fire/Desktop/fast_livo2_ws/build/realsense2_description' returned '0': AMENT_PREFIX_PATH=/home/fire/Desktop/fast_livo2_ws/install/realsense2_camera_msgs:${AMENT_PREFIX_PATH} CMAKE_PREFIX_PATH=/home/fire/Desktop/fast_livo2_ws/install/realsense2_camera_msgs:/opt/ros/jazzy/opt/gz_sim_vendor:/opt/ros/jazzy/opt/gz_sensors_vendor:/opt/ros/jazzy/opt/gz_physics_vendor:/opt/ros/jazzy/opt/sdformat_vendor:/opt/ros/jazzy/opt/gz_gui_vendor:/opt/ros/jazzy/opt/gz_transport_vendor:/opt/ros/jazzy/opt/gz_rendering_vendor:/opt/ros/jazzy/opt/gz_plugin_vendor:/opt/ros/jazzy/opt/gz_fuel_tools_vendor:/opt/ros/jazzy/opt/gz_msgs_vendor:/opt/ros/jazzy/opt/gz_common_vendor:/opt/ros/jazzy/opt/gz_math_vendor:/opt/ros/jazzy/opt/gz_utils_vendor:/opt/ros/jazzy/opt/gz_tools_vendor:/opt/ros/jazzy/opt/gz_ogre_next_vendor:/opt/ros/jazzy/opt/gz_dartsim_vendor:/opt/ros/jazzy/opt/gz_cmake_vendor:/opt/ros/jazzy DEBUGINFOD_URLS=https://debuginfod.ubuntu.com LD_LIBRARY_PATH=/home/fire/Desktop/fast_livo2_ws/install/realsense2_camera_msgs/lib:${LD_LIBRARY_PATH} PYTHONPATH=/home/fire/Desktop/fast_livo2_ws/install/realsense2_camera_msgs/lib/python3.12/site-packages:${PYTHONPATH} /usr/bin/cmake /home/fire/Desktop/fast_livo2_ws/src/realsense-ros/realsense2_description -DCMAKE_INSTALL_PREFIX=/home/fire/Desktop/fast_livo2_ws/install/realsense2_description
[10.926s] DEBUG:colcon.colcon_core.event_handler.log_command:Invoking command in '/home/fire/Desktop/fast_livo2_ws/build/realsense2_description': AMENT_PREFIX_PATH=/home/fire/Desktop/fast_livo2_ws/install/realsense2_camera_msgs:${AMENT_PREFIX_PATH} CMAKE_PREFIX_PATH=/home/fire/Desktop/fast_livo2_ws/install/realsense2_camera_msgs:/opt/ros/jazzy/opt/gz_sim_vendor:/opt/ros/jazzy/opt/gz_sensors_vendor:/opt/ros/jazzy/opt/gz_physics_vendor:/opt/ros/jazzy/opt/sdformat_vendor:/opt/ros/jazzy/opt/gz_gui_vendor:/opt/ros/jazzy/opt/gz_transport_vendor:/opt/ros/jazzy/opt/gz_rendering_vendor:/opt/ros/jazzy/opt/gz_plugin_vendor:/opt/ros/jazzy/opt/gz_fuel_tools_vendor:/opt/ros/jazzy/opt/gz_msgs_vendor:/opt/ros/jazzy/opt/gz_common_vendor:/opt/ros/jazzy/opt/gz_math_vendor:/opt/ros/jazzy/opt/gz_utils_vendor:/opt/ros/jazzy/opt/gz_tools_vendor:/opt/ros/jazzy/opt/gz_ogre_next_vendor:/opt/ros/jazzy/opt/gz_dartsim_vendor:/opt/ros/jazzy/opt/gz_cmake_vendor:/opt/ros/jazzy DEBUGINFOD_URLS=https://debuginfod.ubuntu.com LD_LIBRARY_PATH=/home/fire/Desktop/fast_livo2_ws/install/realsense2_camera_msgs/lib:${LD_LIBRARY_PATH} PYTHONPATH=/home/fire/Desktop/fast_livo2_ws/install/realsense2_camera_msgs/lib/python3.12/site-packages:${PYTHONPATH} /usr/bin/cmake --build /home/fire/Desktop/fast_livo2_ws/build/realsense2_description -- -j24 -l24
[10.959s] DEBUG:colcon.colcon_core.event_handler.log_command:Invoked command in '/home/fire/Desktop/fast_livo2_ws/build/realsense2_description' returned '0': AMENT_PREFIX_PATH=/home/fire/Desktop/fast_livo2_ws/install/realsense2_camera_msgs:${AMENT_PREFIX_PATH} CMAKE_PREFIX_PATH=/home/fire/Desktop/fast_livo2_ws/install/realsense2_camera_msgs:/opt/ros/jazzy/opt/gz_sim_vendor:/opt/ros/jazzy/opt/gz_sensors_vendor:/opt/ros/jazzy/opt/gz_physics_vendor:/opt/ros/jazzy/opt/sdformat_vendor:/opt/ros/jazzy/opt/gz_gui_vendor:/opt/ros/jazzy/opt/gz_transport_vendor:/opt/ros/jazzy/opt/gz_rendering_vendor:/opt/ros/jazzy/opt/gz_plugin_vendor:/opt/ros/jazzy/opt/gz_fuel_tools_vendor:/opt/ros/jazzy/opt/gz_msgs_vendor:/opt/ros/jazzy/opt/gz_common_vendor:/opt/ros/jazzy/opt/gz_math_vendor:/opt/ros/jazzy/opt/gz_utils_vendor:/opt/ros/jazzy/opt/gz_tools_vendor:/opt/ros/jazzy/opt/gz_ogre_next_vendor:/opt/ros/jazzy/opt/gz_dartsim_vendor:/opt/ros/jazzy/opt/gz_cmake_vendor:/opt/ros/jazzy DEBUGINFOD_URLS=https://debuginfod.ubuntu.com LD_LIBRARY_PATH=/home/fire/Desktop/fast_livo2_ws/install/realsense2_camera_msgs/lib:${LD_LIBRARY_PATH} PYTHONPATH=/home/fire/Desktop/fast_livo2_ws/install/realsense2_camera_msgs/lib/python3.12/site-packages:${PYTHONPATH} /usr/bin/cmake --build /home/fire/Desktop/fast_livo2_ws/build/realsense2_description -- -j24 -l24
[10.960s] DEBUG:colcon.colcon_core.event_handler.log_command:Invoking command in '/home/fire/Desktop/fast_livo2_ws/build/realsense2_description': AMENT_PREFIX_PATH=/home/fire/Desktop/fast_livo2_ws/install/realsense2_camera_msgs:${AMENT_PREFIX_PATH} CMAKE_PREFIX_PATH=/home/fire/Desktop/fast_livo2_ws/install/realsense2_camera_msgs:/opt/ros/jazzy/opt/gz_sim_vendor:/opt/ros/jazzy/opt/gz_sensors_vendor:/opt/ros/jazzy/opt/gz_physics_vendor:/opt/ros/jazzy/opt/sdformat_vendor:/opt/ros/jazzy/opt/gz_gui_vendor:/opt/ros/jazzy/opt/gz_transport_vendor:/opt/ros/jazzy/opt/gz_rendering_vendor:/opt/ros/jazzy/opt/gz_plugin_vendor:/opt/ros/jazzy/opt/gz_fuel_tools_vendor:/opt/ros/jazzy/opt/gz_msgs_vendor:/opt/ros/jazzy/opt/gz_common_vendor:/opt/ros/jazzy/opt/gz_math_vendor:/opt/ros/jazzy/opt/gz_utils_vendor:/opt/ros/jazzy/opt/gz_tools_vendor:/opt/ros/jazzy/opt/gz_ogre_next_vendor:/opt/ros/jazzy/opt/gz_dartsim_vendor:/opt/ros/jazzy/opt/gz_cmake_vendor:/opt/ros/jazzy DEBUGINFOD_URLS=https://debuginfod.ubuntu.com LD_LIBRARY_PATH=/home/fire/Desktop/fast_livo2_ws/install/realsense2_camera_msgs/lib:${LD_LIBRARY_PATH} PYTHONPATH=/home/fire/Desktop/fast_livo2_ws/install/realsense2_camera_msgs/lib/python3.12/site-packages:${PYTHONPATH} /usr/bin/cmake --install /home/fire/Desktop/fast_livo2_ws/build/realsense2_description
[11.071s] Level 1:colcon.colcon_core.environment:create_environment_scripts_only(realsense2_description)
[11.071s] Level 1:colcon.colcon_core.environment:checking '/home/fire/Desktop/fast_livo2_ws/install/realsense2_description' for CMake module files
[11.071s] DEBUG:colcon.colcon_core.event_handler.log_command:Invoked command in '/home/fire/Desktop/fast_livo2_ws/build/realsense2_description' returned '0': AMENT_PREFIX_PATH=/home/fire/Desktop/fast_livo2_ws/install/realsense2_camera_msgs:${AMENT_PREFIX_PATH} CMAKE_PREFIX_PATH=/home/fire/Desktop/fast_livo2_ws/install/realsense2_camera_msgs:/opt/ros/jazzy/opt/gz_sim_vendor:/opt/ros/jazzy/opt/gz_sensors_vendor:/opt/ros/jazzy/opt/gz_physics_vendor:/opt/ros/jazzy/opt/sdformat_vendor:/opt/ros/jazzy/opt/gz_gui_vendor:/opt/ros/jazzy/opt/gz_transport_vendor:/opt/ros/jazzy/opt/gz_rendering_vendor:/opt/ros/jazzy/opt/gz_plugin_vendor:/opt/ros/jazzy/opt/gz_fuel_tools_vendor:/opt/ros/jazzy/opt/gz_msgs_vendor:/opt/ros/jazzy/opt/gz_common_vendor:/opt/ros/jazzy/opt/gz_math_vendor:/opt/ros/jazzy/opt/gz_utils_vendor:/opt/ros/jazzy/opt/gz_tools_vendor:/opt/ros/jazzy/opt/gz_ogre_next_vendor:/opt/ros/jazzy/opt/gz_dartsim_vendor:/opt/ros/jazzy/opt/gz_cmake_vendor:/opt/ros/jazzy DEBUGINFOD_URLS=https://debuginfod.ubuntu.com LD_LIBRARY_PATH=/home/fire/Desktop/fast_livo2_ws/install/realsense2_camera_msgs/lib:${LD_LIBRARY_PATH} PYTHONPATH=/home/fire/Desktop/fast_livo2_ws/install/realsense2_camera_msgs/lib/python3.12/site-packages:${PYTHONPATH} /usr/bin/cmake --install /home/fire/Desktop/fast_livo2_ws/build/realsense2_description
[11.072s] Level 1:colcon.colcon_core.environment:checking '/home/fire/Desktop/fast_livo2_ws/install/realsense2_description' for CMake config files
[11.072s] Level 1:colcon.colcon_core.shell:create_environment_hook('realsense2_description', 'cmake_prefix_path')
[11.072s] INFO:colcon.colcon_core.shell:Creating environment descriptor '/home/fire/Desktop/fast_livo2_ws/install/realsense2_description/share/realsense2_description/hook/cmake_prefix_path.dsv'
[11.072s] INFO:colcon.colcon_core.shell:Creating environment hook '/home/fire/Desktop/fast_livo2_ws/install/realsense2_description/share/realsense2_description/hook/cmake_prefix_path.sh'
[11.073s] Level 1:colcon.colcon_core.environment:checking '/home/fire/Desktop/fast_livo2_ws/install/realsense2_description/bin'
[11.073s] Level 1:colcon.colcon_core.environment:checking '/home/fire/Desktop/fast_livo2_ws/install/realsense2_description/lib/pkgconfig/realsense2_description.pc'
[11.073s] Level 1:colcon.colcon_core.environment:checking '/home/fire/Desktop/fast_livo2_ws/install/realsense2_description/lib/python3.12/site-packages'
[11.073s] Level 1:colcon.colcon_core.environment:checking '/home/fire/Desktop/fast_livo2_ws/install/realsense2_description/bin'
[11.074s] INFO:colcon.colcon_core.shell:Creating package descriptor '/home/fire/Desktop/fast_livo2_ws/install/realsense2_description/share/realsense2_description/package.dsv'
[11.074s] INFO:colcon.colcon_core.shell:Creating package script '/home/fire/Desktop/fast_livo2_ws/install/realsense2_description/share/realsense2_description/package.sh'
[11.074s] INFO:colcon.colcon_core.shell:Creating package script '/home/fire/Desktop/fast_livo2_ws/install/realsense2_description/share/realsense2_description/package.bash'
[11.075s] INFO:colcon.colcon_core.shell:Creating package script '/home/fire/Desktop/fast_livo2_ws/install/realsense2_description/share/realsense2_description/package.zsh'
[11.075s] Level 1:colcon.colcon_core.environment:create_file_with_runtime_dependencies(/home/fire/Desktop/fast_livo2_ws/install/realsense2_description/share/colcon-core/packages/realsense2_description)
[11.075s] Level 1:colcon.colcon_core.environment:create_environment_scripts_only(realsense2_description)
[11.075s] Level 1:colcon.colcon_core.environment:checking '/home/fire/Desktop/fast_livo2_ws/install/realsense2_description' for CMake module files
[11.076s] Level 1:colcon.colcon_core.environment:checking '/home/fire/Desktop/fast_livo2_ws/install/realsense2_description' for CMake config files
[11.076s] Level 1:colcon.colcon_core.shell:create_environment_hook('realsense2_description', 'cmake_prefix_path')
[11.076s] INFO:colcon.colcon_core.shell:Creating environment descriptor '/home/fire/Desktop/fast_livo2_ws/install/realsense2_description/share/realsense2_description/hook/cmake_prefix_path.dsv'
[11.077s] INFO:colcon.colcon_core.shell:Creating environment hook '/home/fire/Desktop/fast_livo2_ws/install/realsense2_description/share/realsense2_description/hook/cmake_prefix_path.sh'
[11.077s] Level 1:colcon.colcon_core.environment:checking '/home/fire/Desktop/fast_livo2_ws/install/realsense2_description/bin'
[11.077s] Level 1:colcon.colcon_core.environment:checking '/home/fire/Desktop/fast_livo2_ws/install/realsense2_description/lib/pkgconfig/realsense2_description.pc'
[11.077s] Level 1:colcon.colcon_core.environment:checking '/home/fire/Desktop/fast_livo2_ws/install/realsense2_description/lib/python3.12/site-packages'
[11.077s] Level 1:colcon.colcon_core.environment:checking '/home/fire/Desktop/fast_livo2_ws/install/realsense2_description/bin'
[11.077s] INFO:colcon.colcon_core.shell:Creating package descriptor '/home/fire/Desktop/fast_livo2_ws/install/realsense2_description/share/realsense2_description/package.dsv'
[11.078s] INFO:colcon.colcon_core.shell:Creating package script '/home/fire/Desktop/fast_livo2_ws/install/realsense2_description/share/realsense2_description/package.sh'
[11.078s] INFO:colcon.colcon_core.shell:Creating package script '/home/fire/Desktop/fast_livo2_ws/install/realsense2_description/share/realsense2_description/package.bash'
[11.078s] INFO:colcon.colcon_core.shell:Creating package script '/home/fire/Desktop/fast_livo2_ws/install/realsense2_description/share/realsense2_description/package.zsh'
[11.078s] Level 1:colcon.colcon_core.environment:create_file_with_runtime_dependencies(/home/fire/Desktop/fast_livo2_ws/install/realsense2_description/share/colcon-core/packages/realsense2_description)
[13.420s] DEBUG:colcon.colcon_core.event_handler.log_command:Invoked command in '/home/fire/Desktop/fast_livo2_ws/build/vikit_common' returned '0': DEBUGINFOD_URLS=https://debuginfod.ubuntu.com /usr/bin/cmake --build /home/fire/Desktop/fast_livo2_ws/build/vikit_common -- -j24 -l24
[13.421s] DEBUG:colcon.colcon_core.event_handler.log_command:Invoking command in '/home/fire/Desktop/fast_livo2_ws/build/vikit_common': DEBUGINFOD_URLS=https://debuginfod.ubuntu.com /usr/bin/cmake --install /home/fire/Desktop/fast_livo2_ws/build/vikit_common
[13.429s] DEBUG:colcon.colcon_core.event_handler.log_command:Invoked command in '/home/fire/Desktop/fast_livo2_ws/build/vikit_common' returned '0': DEBUGINFOD_URLS=https://debuginfod.ubuntu.com /usr/bin/cmake --install /home/fire/Desktop/fast_livo2_ws/build/vikit_common
[13.429s] Level 1:colcon.colcon_core.shell:create_environment_hook('vikit_common', 'ros_package_path')
[13.429s] INFO:colcon.colcon_core.shell:Creating environment descriptor '/home/fire/Desktop/fast_livo2_ws/install/vikit_common/share/vikit_common/hook/ros_package_path.dsv'
[13.429s] INFO:colcon.colcon_core.shell:Creating environment hook '/home/fire/Desktop/fast_livo2_ws/install/vikit_common/share/vikit_common/hook/ros_package_path.sh'
[13.429s] Level 1:colcon.colcon_core.shell:create_environment_hook('vikit_common', 'pkg_config_path')
[13.429s] INFO:colcon.colcon_core.shell:Creating environment descriptor '/home/fire/Desktop/fast_livo2_ws/install/vikit_common/share/vikit_common/hook/pkg_config_path.dsv'
[13.430s] INFO:colcon.colcon_core.shell:Creating environment hook '/home/fire/Desktop/fast_livo2_ws/install/vikit_common/share/vikit_common/hook/pkg_config_path.sh'
[13.431s] Level 1:colcon.colcon_core.shell:create_environment_hook('vikit_common', 'pkg_config_path_multiarch')
[13.431s] INFO:colcon.colcon_core.shell:Creating environment descriptor '/home/fire/Desktop/fast_livo2_ws/install/vikit_common/share/vikit_common/hook/pkg_config_path_multiarch.dsv'
[13.431s] INFO:colcon.colcon_core.shell:Creating environment hook '/home/fire/Desktop/fast_livo2_ws/install/vikit_common/share/vikit_common/hook/pkg_config_path_multiarch.sh'
[13.432s] Level 1:colcon.colcon_core.environment:create_environment_scripts_only(vikit_common)
[13.432s] Level 1:colcon.colcon_core.environment:checking '/home/fire/Desktop/fast_livo2_ws/install/vikit_common' for CMake module files
[13.432s] Level 1:colcon.colcon_core.environment:checking '/home/fire/Desktop/fast_livo2_ws/install/vikit_common' for CMake config files
[13.432s] Level 1:colcon.colcon_core.environment:checking '/home/fire/Desktop/fast_livo2_ws/install/vikit_common/lib'
[13.432s] Level 1:colcon.colcon_core.shell:create_environment_hook('vikit_common', 'ld_library_path_lib')
[13.432s] INFO:colcon.colcon_core.shell:Creating environment descriptor '/home/fire/Desktop/fast_livo2_ws/install/vikit_common/share/vikit_common/hook/ld_library_path_lib.dsv'
[13.432s] INFO:colcon.colcon_core.shell:Creating environment hook '/home/fire/Desktop/fast_livo2_ws/install/vikit_common/share/vikit_common/hook/ld_library_path_lib.sh'
[13.433s] Level 1:colcon.colcon_core.environment:checking '/home/fire/Desktop/fast_livo2_ws/install/vikit_common/bin'
[13.433s] Level 1:colcon.colcon_core.environment:checking '/home/fire/Desktop/fast_livo2_ws/install/vikit_common/lib/pkgconfig/vikit_common.pc'
[13.433s] Level 1:colcon.colcon_core.environment:checking '/home/fire/Desktop/fast_livo2_ws/install/vikit_common/lib/python3.12/site-packages'
[13.433s] Level 1:colcon.colcon_core.environment:checking '/home/fire/Desktop/fast_livo2_ws/install/vikit_common/bin'
[13.433s] INFO:colcon.colcon_core.shell:Creating package descriptor '/home/fire/Desktop/fast_livo2_ws/install/vikit_common/share/vikit_common/package.dsv'
[13.433s] INFO:colcon.colcon_core.shell:Creating package script '/home/fire/Desktop/fast_livo2_ws/install/vikit_common/share/vikit_common/package.sh'
[13.433s] INFO:colcon.colcon_core.shell:Creating package script '/home/fire/Desktop/fast_livo2_ws/install/vikit_common/share/vikit_common/package.bash'
[13.434s] INFO:colcon.colcon_core.shell:Creating package script '/home/fire/Desktop/fast_livo2_ws/install/vikit_common/share/vikit_common/package.zsh'
[13.434s] Level 1:colcon.colcon_core.environment:create_file_with_runtime_dependencies(/home/fire/Desktop/fast_livo2_ws/install/vikit_common/share/colcon-core/packages/vikit_common)
[13.434s] INFO:colcon.colcon_ros.task.ament_cmake.build:Building ROS package in '/home/fire/Desktop/fast_livo2_ws/src/rpg_vikit/vikit_ros' with build type 'ament_cmake'
[13.434s] INFO:colcon.colcon_cmake.task.cmake.build:Building CMake package in '/home/fire/Desktop/fast_livo2_ws/src/rpg_vikit/vikit_ros'
[13.434s] DEBUG:colcon.colcon_core.shell:Skip shell extension 'dsv' for command environment
[13.440s] DEBUG:colcon.colcon_core.event_handler.log_command:Invoking command in '/home/fire/Desktop/fast_livo2_ws/build/vikit_ros': CMAKE_PREFIX_PATH=${CMAKE_PREFIX_PATH}:/opt/ros/jazzy DEBUGINFOD_URLS=https://debuginfod.ubuntu.com LD_LIBRARY_PATH=/home/fire/Desktop/fast_livo2_ws/install/vikit_common/lib:${LD_LIBRARY_PATH} PKG_CONFIG_PATH=/home/fire/Desktop/fast_livo2_ws/install/vikit_common/lib/x86_64-linux-gnu/pkgconfig:/home/fire/Desktop/fast_livo2_ws/install/vikit_common/lib/pkgconfig ROS_PACKAGE_PATH=/home/fire/Desktop/fast_livo2_ws/install/vikit_common/share /usr/bin/cmake /home/fire/Desktop/fast_livo2_ws/src/rpg_vikit/vikit_ros -DCMAKE_INSTALL_PREFIX=/home/fire/Desktop/fast_livo2_ws/install/vikit_ros
[13.825s] DEBUG:colcon.colcon_core.event_handler.log_command:Invoked command in '/home/fire/Desktop/fast_livo2_ws/build/livox_ros_driver2' returned '0': CMAKE_PREFIX_PATH=${CMAKE_PREFIX_PATH}:/opt/ros/jazzy DEBUGINFOD_URLS=https://debuginfod.ubuntu.com /usr/bin/cmake --build /home/fire/Desktop/fast_livo2_ws/build/livox_ros_driver2 -- -j24 -l24
[13.827s] DEBUG:colcon.colcon_core.event_handler.log_command:Invoking command in '/home/fire/Desktop/fast_livo2_ws/build/livox_ros_driver2': CMAKE_PREFIX_PATH=${CMAKE_PREFIX_PATH}:/opt/ros/jazzy DEBUGINFOD_URLS=https://debuginfod.ubuntu.com /usr/bin/cmake --install /home/fire/Desktop/fast_livo2_ws/build/livox_ros_driver2
[13.869s] Level 1:colcon.colcon_core.environment:create_environment_scripts_only(livox_ros_driver2)
[13.869s] Level 1:colcon.colcon_core.environment:checking '/home/fire/Desktop/fast_livo2_ws/install/livox_ros_driver2' for CMake module files
[13.869s] DEBUG:colcon.colcon_core.event_handler.log_command:Invoked command in '/home/fire/Desktop/fast_livo2_ws/build/livox_ros_driver2' returned '0': CMAKE_PREFIX_PATH=${CMAKE_PREFIX_PATH}:/opt/ros/jazzy DEBUGINFOD_URLS=https://debuginfod.ubuntu.com /usr/bin/cmake --install /home/fire/Desktop/fast_livo2_ws/build/livox_ros_driver2
[13.869s] Level 1:colcon.colcon_core.environment:checking '/home/fire/Desktop/fast_livo2_ws/install/livox_ros_driver2' for CMake config files
[13.870s] Level 1:colcon.colcon_core.shell:create_environment_hook('livox_ros_driver2', 'cmake_prefix_path')
[13.870s] INFO:colcon.colcon_core.shell:Creating environment descriptor '/home/fire/Desktop/fast_livo2_ws/install/livox_ros_driver2/share/livox_ros_driver2/hook/cmake_prefix_path.dsv'
[13.870s] INFO:colcon.colcon_core.shell:Creating environment hook '/home/fire/Desktop/fast_livo2_ws/install/livox_ros_driver2/share/livox_ros_driver2/hook/cmake_prefix_path.sh'
[13.870s] Level 1:colcon.colcon_core.environment:checking '/home/fire/Desktop/fast_livo2_ws/install/livox_ros_driver2/lib'
[13.870s] Level 1:colcon.colcon_core.shell:create_environment_hook('livox_ros_driver2', 'ld_library_path_lib')
[13.870s] INFO:colcon.colcon_core.shell:Creating environment descriptor '/home/fire/Desktop/fast_livo2_ws/install/livox_ros_driver2/share/livox_ros_driver2/hook/ld_library_path_lib.dsv'
[13.870s] INFO:colcon.colcon_core.shell:Creating environment hook '/home/fire/Desktop/fast_livo2_ws/install/livox_ros_driver2/share/livox_ros_driver2/hook/ld_library_path_lib.sh'
[13.871s] Level 1:colcon.colcon_core.environment:checking '/home/fire/Desktop/fast_livo2_ws/install/livox_ros_driver2/bin'
[13.871s] Level 1:colcon.colcon_core.environment:checking '/home/fire/Desktop/fast_livo2_ws/install/livox_ros_driver2/lib/pkgconfig/livox_ros_driver2.pc'
[13.871s] Level 1:colcon.colcon_core.environment:checking '/home/fire/Desktop/fast_livo2_ws/install/livox_ros_driver2/lib/python3.12/site-packages'
[13.871s] Level 1:colcon.colcon_core.shell:create_environment_hook('livox_ros_driver2', 'pythonpath')
[13.871s] INFO:colcon.colcon_core.shell:Creating environment descriptor '/home/fire/Desktop/fast_livo2_ws/install/livox_ros_driver2/share/livox_ros_driver2/hook/pythonpath.dsv'
[13.871s] INFO:colcon.colcon_core.shell:Creating environment hook '/home/fire/Desktop/fast_livo2_ws/install/livox_ros_driver2/share/livox_ros_driver2/hook/pythonpath.sh'
[13.872s] Level 1:colcon.colcon_core.environment:checking '/home/fire/Desktop/fast_livo2_ws/install/livox_ros_driver2/bin'
[13.872s] INFO:colcon.colcon_core.shell:Creating package descriptor '/home/fire/Desktop/fast_livo2_ws/install/livox_ros_driver2/share/livox_ros_driver2/package.dsv'
[13.872s] INFO:colcon.colcon_core.shell:Creating package script '/home/fire/Desktop/fast_livo2_ws/install/livox_ros_driver2/share/livox_ros_driver2/package.sh'
[13.872s] INFO:colcon.colcon_core.shell:Creating package script '/home/fire/Desktop/fast_livo2_ws/install/livox_ros_driver2/share/livox_ros_driver2/package.bash'
[13.872s] INFO:colcon.colcon_core.shell:Creating package script '/home/fire/Desktop/fast_livo2_ws/install/livox_ros_driver2/share/livox_ros_driver2/package.zsh'
[13.872s] Level 1:colcon.colcon_core.environment:create_file_with_runtime_dependencies(/home/fire/Desktop/fast_livo2_ws/install/livox_ros_driver2/share/colcon-core/packages/livox_ros_driver2)
[13.873s] Level 1:colcon.colcon_core.environment:create_environment_scripts_only(livox_ros_driver2)
[13.873s] Level 1:colcon.colcon_core.environment:checking '/home/fire/Desktop/fast_livo2_ws/install/livox_ros_driver2' for CMake module files
[13.873s] Level 1:colcon.colcon_core.environment:checking '/home/fire/Desktop/fast_livo2_ws/install/livox_ros_driver2' for CMake config files
[13.873s] Level 1:colcon.colcon_core.shell:create_environment_hook('livox_ros_driver2', 'cmake_prefix_path')
[13.873s] INFO:colcon.colcon_core.shell:Creating environment descriptor '/home/fire/Desktop/fast_livo2_ws/install/livox_ros_driver2/share/livox_ros_driver2/hook/cmake_prefix_path.dsv'
[13.873s] INFO:colcon.colcon_core.shell:Creating environment hook '/home/fire/Desktop/fast_livo2_ws/install/livox_ros_driver2/share/livox_ros_driver2/hook/cmake_prefix_path.sh'
[13.874s] Level 1:colcon.colcon_core.environment:checking '/home/fire/Desktop/fast_livo2_ws/install/livox_ros_driver2/lib'
[13.874s] Level 1:colcon.colcon_core.shell:create_environment_hook('livox_ros_driver2', 'ld_library_path_lib')
[13.874s] INFO:colcon.colcon_core.shell:Creating environment descriptor '/home/fire/Desktop/fast_livo2_ws/install/livox_ros_driver2/share/livox_ros_driver2/hook/ld_library_path_lib.dsv'
[13.874s] INFO:colcon.colcon_core.shell:Creating environment hook '/home/fire/Desktop/fast_livo2_ws/install/livox_ros_driver2/share/livox_ros_driver2/hook/ld_library_path_lib.sh'
[13.874s] Level 1:colcon.colcon_core.environment:checking '/home/fire/Desktop/fast_livo2_ws/install/livox_ros_driver2/bin'
[13.874s] Level 1:colcon.colcon_core.environment:checking '/home/fire/Desktop/fast_livo2_ws/install/livox_ros_driver2/lib/pkgconfig/livox_ros_driver2.pc'
[13.874s] Level 1:colcon.colcon_core.environment:checking '/home/fire/Desktop/fast_livo2_ws/install/livox_ros_driver2/lib/python3.12/site-packages'
[13.874s] Level 1:colcon.colcon_core.shell:create_environment_hook('livox_ros_driver2', 'pythonpath')
[13.874s] INFO:colcon.colcon_core.shell:Creating environment descriptor '/home/fire/Desktop/fast_livo2_ws/install/livox_ros_driver2/share/livox_ros_driver2/hook/pythonpath.dsv'
[13.874s] INFO:colcon.colcon_core.shell:Creating environment hook '/home/fire/Desktop/fast_livo2_ws/install/livox_ros_driver2/share/livox_ros_driver2/hook/pythonpath.sh'
[13.875s] Level 1:colcon.colcon_core.environment:checking '/home/fire/Desktop/fast_livo2_ws/install/livox_ros_driver2/bin'
[13.875s] INFO:colcon.colcon_core.shell:Creating package descriptor '/home/fire/Desktop/fast_livo2_ws/install/livox_ros_driver2/share/livox_ros_driver2/package.dsv'
[13.875s] INFO:colcon.colcon_core.shell:Creating package script '/home/fire/Desktop/fast_livo2_ws/install/livox_ros_driver2/share/livox_ros_driver2/package.sh'
[13.875s] INFO:colcon.colcon_core.shell:Creating package script '/home/fire/Desktop/fast_livo2_ws/install/livox_ros_driver2/share/livox_ros_driver2/package.bash'
[13.875s] INFO:colcon.colcon_core.shell:Creating package script '/home/fire/Desktop/fast_livo2_ws/install/livox_ros_driver2/share/livox_ros_driver2/package.zsh'
[13.876s] Level 1:colcon.colcon_core.environment:create_file_with_runtime_dependencies(/home/fire/Desktop/fast_livo2_ws/install/livox_ros_driver2/share/colcon-core/packages/livox_ros_driver2)
[14.561s] DEBUG:colcon.colcon_core.event_handler.log_command:Invoked command in '/home/fire/Desktop/fast_livo2_ws/build/vikit_ros' returned '0': CMAKE_PREFIX_PATH=${CMAKE_PREFIX_PATH}:/opt/ros/jazzy DEBUGINFOD_URLS=https://debuginfod.ubuntu.com LD_LIBRARY_PATH=/home/fire/Desktop/fast_livo2_ws/install/vikit_common/lib:${LD_LIBRARY_PATH} PKG_CONFIG_PATH=/home/fire/Desktop/fast_livo2_ws/install/vikit_common/lib/x86_64-linux-gnu/pkgconfig:/home/fire/Desktop/fast_livo2_ws/install/vikit_common/lib/pkgconfig ROS_PACKAGE_PATH=/home/fire/Desktop/fast_livo2_ws/install/vikit_common/share /usr/bin/cmake /home/fire/Desktop/fast_livo2_ws/src/rpg_vikit/vikit_ros -DCMAKE_INSTALL_PREFIX=/home/fire/Desktop/fast_livo2_ws/install/vikit_ros
[14.561s] DEBUG:colcon.colcon_core.event_handler.log_command:Invoking command in '/home/fire/Desktop/fast_livo2_ws/build/vikit_ros': CMAKE_PREFIX_PATH=${CMAKE_PREFIX_PATH}:/opt/ros/jazzy DEBUGINFOD_URLS=https://debuginfod.ubuntu.com LD_LIBRARY_PATH=/home/fire/Desktop/fast_livo2_ws/install/vikit_common/lib:${LD_LIBRARY_PATH} PKG_CONFIG_PATH=/home/fire/Desktop/fast_livo2_ws/install/vikit_common/lib/x86_64-linux-gnu/pkgconfig:/home/fire/Desktop/fast_livo2_ws/install/vikit_common/lib/pkgconfig ROS_PACKAGE_PATH=/home/fire/Desktop/fast_livo2_ws/install/vikit_common/share /usr/bin/cmake --build /home/fire/Desktop/fast_livo2_ws/build/vikit_ros -- -j24 -l24
[18.198s] DEBUG:colcon.colcon_core.event_handler.log_command:Invoked command in '/home/fire/Desktop/fast_livo2_ws/build/vikit_ros' returned '0': CMAKE_PREFIX_PATH=${CMAKE_PREFIX_PATH}:/opt/ros/jazzy DEBUGINFOD_URLS=https://debuginfod.ubuntu.com LD_LIBRARY_PATH=/home/fire/Desktop/fast_livo2_ws/install/vikit_common/lib:${LD_LIBRARY_PATH} PKG_CONFIG_PATH=/home/fire/Desktop/fast_livo2_ws/install/vikit_common/lib/x86_64-linux-gnu/pkgconfig:/home/fire/Desktop/fast_livo2_ws/install/vikit_common/lib/pkgconfig ROS_PACKAGE_PATH=/home/fire/Desktop/fast_livo2_ws/install/vikit_common/share /usr/bin/cmake --build /home/fire/Desktop/fast_livo2_ws/build/vikit_ros -- -j24 -l24
[18.198s] DEBUG:colcon.colcon_core.event_handler.log_command:Invoking command in '/home/fire/Desktop/fast_livo2_ws/build/vikit_ros': CMAKE_PREFIX_PATH=${CMAKE_PREFIX_PATH}:/opt/ros/jazzy DEBUGINFOD_URLS=https://debuginfod.ubuntu.com LD_LIBRARY_PATH=/home/fire/Desktop/fast_livo2_ws/install/vikit_common/lib:${LD_LIBRARY_PATH} PKG_CONFIG_PATH=/home/fire/Desktop/fast_livo2_ws/install/vikit_common/lib/x86_64-linux-gnu/pkgconfig:/home/fire/Desktop/fast_livo2_ws/install/vikit_common/lib/pkgconfig ROS_PACKAGE_PATH=/home/fire/Desktop/fast_livo2_ws/install/vikit_common/share /usr/bin/cmake --install /home/fire/Desktop/fast_livo2_ws/build/vikit_ros
[18.208s] Level 1:colcon.colcon_core.environment:create_environment_scripts_only(vikit_ros)
[18.208s] Level 1:colcon.colcon_core.environment:checking '/home/fire/Desktop/fast_livo2_ws/install/vikit_ros' for CMake module files
[18.208s] DEBUG:colcon.colcon_core.event_handler.log_command:Invoked command in '/home/fire/Desktop/fast_livo2_ws/build/vikit_ros' returned '0': CMAKE_PREFIX_PATH=${CMAKE_PREFIX_PATH}:/opt/ros/jazzy DEBUGINFOD_URLS=https://debuginfod.ubuntu.com LD_LIBRARY_PATH=/home/fire/Desktop/fast_livo2_ws/install/vikit_common/lib:${LD_LIBRARY_PATH} PKG_CONFIG_PATH=/home/fire/Desktop/fast_livo2_ws/install/vikit_common/lib/x86_64-linux-gnu/pkgconfig:/home/fire/Desktop/fast_livo2_ws/install/vikit_common/lib/pkgconfig ROS_PACKAGE_PATH=/home/fire/Desktop/fast_livo2_ws/install/vikit_common/share /usr/bin/cmake --install /home/fire/Desktop/fast_livo2_ws/build/vikit_ros
[18.208s] Level 1:colcon.colcon_core.environment:checking '/home/fire/Desktop/fast_livo2_ws/install/vikit_ros' for CMake config files
[18.208s] Level 1:colcon.colcon_core.shell:create_environment_hook('vikit_ros', 'cmake_prefix_path')
[18.208s] INFO:colcon.colcon_core.shell:Creating environment descriptor '/home/fire/Desktop/fast_livo2_ws/install/vikit_ros/share/vikit_ros/hook/cmake_prefix_path.dsv'
[18.208s] INFO:colcon.colcon_core.shell:Creating environment hook '/home/fire/Desktop/fast_livo2_ws/install/vikit_ros/share/vikit_ros/hook/cmake_prefix_path.sh'
[18.209s] Level 1:colcon.colcon_core.environment:checking '/home/fire/Desktop/fast_livo2_ws/install/vikit_ros/lib'
[18.209s] Level 1:colcon.colcon_core.shell:create_environment_hook('vikit_ros', 'ld_library_path_lib')
[18.209s] INFO:colcon.colcon_core.shell:Creating environment descriptor '/home/fire/Desktop/fast_livo2_ws/install/vikit_ros/share/vikit_ros/hook/ld_library_path_lib.dsv'
[18.209s] INFO:colcon.colcon_core.shell:Creating environment hook '/home/fire/Desktop/fast_livo2_ws/install/vikit_ros/share/vikit_ros/hook/ld_library_path_lib.sh'
[18.209s] Level 1:colcon.colcon_core.environment:checking '/home/fire/Desktop/fast_livo2_ws/install/vikit_ros/bin'
[18.209s] Level 1:colcon.colcon_core.environment:checking '/home/fire/Desktop/fast_livo2_ws/install/vikit_ros/lib/pkgconfig/vikit_ros.pc'
[18.209s] Level 1:colcon.colcon_core.environment:checking '/home/fire/Desktop/fast_livo2_ws/install/vikit_ros/lib/python3.12/site-packages'
[18.209s] Level 1:colcon.colcon_core.environment:checking '/home/fire/Desktop/fast_livo2_ws/install/vikit_ros/bin'
[18.210s] INFO:colcon.colcon_core.shell:Creating package descriptor '/home/fire/Desktop/fast_livo2_ws/install/vikit_ros/share/vikit_ros/package.dsv'
[18.210s] INFO:colcon.colcon_core.shell:Creating package script '/home/fire/Desktop/fast_livo2_ws/install/vikit_ros/share/vikit_ros/package.sh'
[18.210s] INFO:colcon.colcon_core.shell:Creating package script '/home/fire/Desktop/fast_livo2_ws/install/vikit_ros/share/vikit_ros/package.bash'
[18.210s] INFO:colcon.colcon_core.shell:Creating package script '/home/fire/Desktop/fast_livo2_ws/install/vikit_ros/share/vikit_ros/package.zsh'
[18.210s] Level 1:colcon.colcon_core.environment:create_file_with_runtime_dependencies(/home/fire/Desktop/fast_livo2_ws/install/vikit_ros/share/colcon-core/packages/vikit_ros)
[18.210s] Level 1:colcon.colcon_core.environment:create_environment_scripts_only(vikit_ros)
[18.210s] Level 1:colcon.colcon_core.environment:checking '/home/fire/Desktop/fast_livo2_ws/install/vikit_ros' for CMake module files
[18.211s] Level 1:colcon.colcon_core.environment:checking '/home/fire/Desktop/fast_livo2_ws/install/vikit_ros' for CMake config files
[18.211s] Level 1:colcon.colcon_core.shell:create_environment_hook('vikit_ros', 'cmake_prefix_path')
[18.211s] INFO:colcon.colcon_core.shell:Creating environment descriptor '/home/fire/Desktop/fast_livo2_ws/install/vikit_ros/share/vikit_ros/hook/cmake_prefix_path.dsv'
[18.211s] INFO:colcon.colcon_core.shell:Creating environment hook '/home/fire/Desktop/fast_livo2_ws/install/vikit_ros/share/vikit_ros/hook/cmake_prefix_path.sh'
[18.211s] Level 1:colcon.colcon_core.environment:checking '/home/fire/Desktop/fast_livo2_ws/install/vikit_ros/lib'
[18.211s] Level 1:colcon.colcon_core.shell:create_environment_hook('vikit_ros', 'ld_library_path_lib')
[18.211s] INFO:colcon.colcon_core.shell:Creating environment descriptor '/home/fire/Desktop/fast_livo2_ws/install/vikit_ros/share/vikit_ros/hook/ld_library_path_lib.dsv'
[18.211s] INFO:colcon.colcon_core.shell:Creating environment hook '/home/fire/Desktop/fast_livo2_ws/install/vikit_ros/share/vikit_ros/hook/ld_library_path_lib.sh'
[18.212s] Level 1:colcon.colcon_core.environment:checking '/home/fire/Desktop/fast_livo2_ws/install/vikit_ros/bin'
[18.212s] Level 1:colcon.colcon_core.environment:checking '/home/fire/Desktop/fast_livo2_ws/install/vikit_ros/lib/pkgconfig/vikit_ros.pc'
[18.212s] Level 1:colcon.colcon_core.environment:checking '/home/fire/Desktop/fast_livo2_ws/install/vikit_ros/lib/python3.12/site-packages'
[18.212s] Level 1:colcon.colcon_core.environment:checking '/home/fire/Desktop/fast_livo2_ws/install/vikit_ros/bin'
[18.212s] INFO:colcon.colcon_core.shell:Creating package descriptor '/home/fire/Desktop/fast_livo2_ws/install/vikit_ros/share/vikit_ros/package.dsv'
[18.212s] INFO:colcon.colcon_core.shell:Creating package script '/home/fire/Desktop/fast_livo2_ws/install/vikit_ros/share/vikit_ros/package.sh'
[18.212s] INFO:colcon.colcon_core.shell:Creating package script '/home/fire/Desktop/fast_livo2_ws/install/vikit_ros/share/vikit_ros/package.bash'
[18.213s] INFO:colcon.colcon_core.shell:Creating package script '/home/fire/Desktop/fast_livo2_ws/install/vikit_ros/share/vikit_ros/package.zsh'
[18.213s] Level 1:colcon.colcon_core.environment:create_file_with_runtime_dependencies(/home/fire/Desktop/fast_livo2_ws/install/vikit_ros/share/colcon-core/packages/vikit_ros)
[18.213s] INFO:colcon.colcon_ros.task.ament_cmake.build:Building ROS package in '/home/fire/Desktop/fast_livo2_ws/src/FAST-LIVO2' with build type 'ament_cmake'
[18.213s] INFO:colcon.colcon_cmake.task.cmake.build:Building CMake package in '/home/fire/Desktop/fast_livo2_ws/src/FAST-LIVO2'
[18.213s] DEBUG:colcon.colcon_core.shell:Skip shell extension 'dsv' for command environment
[18.221s] DEBUG:colcon.colcon_core.event_handler.log_command:Invoking command in '/home/fire/Desktop/fast_livo2_ws/build/fast_livo': AMENT_PREFIX_PATH=/home/fire/Desktop/fast_livo2_ws/install/vikit_ros:/home/fire/Desktop/fast_livo2_ws/install/livox_ros_driver2:${AMENT_PREFIX_PATH} CMAKE_PREFIX_PATH=/home/fire/Desktop/fast_livo2_ws/install/vikit_ros:/home/fire/Desktop/fast_livo2_ws/install/livox_ros_driver2:/opt/ros/jazzy/opt/gz_sim_vendor:/opt/ros/jazzy/opt/gz_sensors_vendor:/opt/ros/jazzy/opt/gz_physics_vendor:/opt/ros/jazzy/opt/sdformat_vendor:/opt/ros/jazzy/opt/gz_gui_vendor:/opt/ros/jazzy/opt/gz_transport_vendor:/opt/ros/jazzy/opt/gz_rendering_vendor:/opt/ros/jazzy/opt/gz_plugin_vendor:/opt/ros/jazzy/opt/gz_fuel_tools_vendor:/opt/ros/jazzy/opt/gz_msgs_vendor:/opt/ros/jazzy/opt/gz_common_vendor:/opt/ros/jazzy/opt/gz_math_vendor:/opt/ros/jazzy/opt/gz_utils_vendor:/opt/ros/jazzy/opt/gz_tools_vendor:/opt/ros/jazzy/opt/gz_ogre_next_vendor:/opt/ros/jazzy/opt/gz_dartsim_vendor:/opt/ros/jazzy/opt/gz_cmake_vendor:/opt/ros/jazzy DEBUGINFOD_URLS=https://debuginfod.ubuntu.com LD_LIBRARY_PATH=/home/fire/Desktop/fast_livo2_ws/install/vikit_ros/lib:/home/fire/Desktop/fast_livo2_ws/install/vikit_common/lib:/home/fire/Desktop/fast_livo2_ws/install/livox_ros_driver2/lib:${LD_LIBRARY_PATH} PKG_CONFIG_PATH=/home/fire/Desktop/fast_livo2_ws/install/vikit_common/lib/x86_64-linux-gnu/pkgconfig:/home/fire/Desktop/fast_livo2_ws/install/vikit_common/lib/pkgconfig PYTHONPATH=/home/fire/Desktop/fast_livo2_ws/install/livox_ros_driver2/lib/python3.12/site-packages:${PYTHONPATH} ROS_PACKAGE_PATH=/home/fire/Desktop/fast_livo2_ws/install/vikit_common/share /usr/bin/cmake /home/fire/Desktop/fast_livo2_ws/src/FAST-LIVO2 -DCMAKE_INSTALL_PREFIX=/home/fire/Desktop/fast_livo2_ws/install/fast_livo
[19.086s] DEBUG:colcon.colcon_core.event_handler.log_command:Invoked command in '/home/fire/Desktop/fast_livo2_ws/build/realsense2_camera' returned '0': AMENT_PREFIX_PATH=/home/fire/Desktop/fast_livo2_ws/install/realsense2_camera_msgs:${AMENT_PREFIX_PATH} CMAKE_PREFIX_PATH=/home/fire/Desktop/fast_livo2_ws/install/realsense2_camera_msgs:/opt/ros/jazzy/opt/gz_sim_vendor:/opt/ros/jazzy/opt/gz_sensors_vendor:/opt/ros/jazzy/opt/gz_physics_vendor:/opt/ros/jazzy/opt/sdformat_vendor:/opt/ros/jazzy/opt/gz_gui_vendor:/opt/ros/jazzy/opt/gz_transport_vendor:/opt/ros/jazzy/opt/gz_rendering_vendor:/opt/ros/jazzy/opt/gz_plugin_vendor:/opt/ros/jazzy/opt/gz_fuel_tools_vendor:/opt/ros/jazzy/opt/gz_msgs_vendor:/opt/ros/jazzy/opt/gz_common_vendor:/opt/ros/jazzy/opt/gz_math_vendor:/opt/ros/jazzy/opt/gz_utils_vendor:/opt/ros/jazzy/opt/gz_tools_vendor:/opt/ros/jazzy/opt/gz_ogre_next_vendor:/opt/ros/jazzy/opt/gz_dartsim_vendor:/opt/ros/jazzy/opt/gz_cmake_vendor:/opt/ros/jazzy DEBUGINFOD_URLS=https://debuginfod.ubuntu.com LD_LIBRARY_PATH=/home/fire/Desktop/fast_livo2_ws/install/realsense2_camera_msgs/lib:${LD_LIBRARY_PATH} PYTHONPATH=/home/fire/Desktop/fast_livo2_ws/install/realsense2_camera_msgs/lib/python3.12/site-packages:${PYTHONPATH} /usr/bin/cmake /home/fire/Desktop/fast_livo2_ws/src/realsense-ros/realsense2_camera -DCMAKE_INSTALL_PREFIX=/home/fire/Desktop/fast_livo2_ws/install/realsense2_camera
[19.086s] DEBUG:colcon.colcon_core.event_handler.log_command:Invoking command in '/home/fire/Desktop/fast_livo2_ws/build/realsense2_camera': AMENT_PREFIX_PATH=/home/fire/Desktop/fast_livo2_ws/install/realsense2_camera_msgs:${AMENT_PREFIX_PATH} CMAKE_PREFIX_PATH=/home/fire/Desktop/fast_livo2_ws/install/realsense2_camera_msgs:/opt/ros/jazzy/opt/gz_sim_vendor:/opt/ros/jazzy/opt/gz_sensors_vendor:/opt/ros/jazzy/opt/gz_physics_vendor:/opt/ros/jazzy/opt/sdformat_vendor:/opt/ros/jazzy/opt/gz_gui_vendor:/opt/ros/jazzy/opt/gz_transport_vendor:/opt/ros/jazzy/opt/gz_rendering_vendor:/opt/ros/jazzy/opt/gz_plugin_vendor:/opt/ros/jazzy/opt/gz_fuel_tools_vendor:/opt/ros/jazzy/opt/gz_msgs_vendor:/opt/ros/jazzy/opt/gz_common_vendor:/opt/ros/jazzy/opt/gz_math_vendor:/opt/ros/jazzy/opt/gz_utils_vendor:/opt/ros/jazzy/opt/gz_tools_vendor:/opt/ros/jazzy/opt/gz_ogre_next_vendor:/opt/ros/jazzy/opt/gz_dartsim_vendor:/opt/ros/jazzy/opt/gz_cmake_vendor:/opt/ros/jazzy DEBUGINFOD_URLS=https://debuginfod.ubuntu.com LD_LIBRARY_PATH=/home/fire/Desktop/fast_livo2_ws/install/realsense2_camera_msgs/lib:${LD_LIBRARY_PATH} PYTHONPATH=/home/fire/Desktop/fast_livo2_ws/install/realsense2_camera_msgs/lib/python3.12/site-packages:${PYTHONPATH} /usr/bin/cmake --build /home/fire/Desktop/fast_livo2_ws/build/realsense2_camera -- -j24 -l24
[23.667s] DEBUG:colcon.colcon_core.event_handler.log_command:Invoked command in '/home/fire/Desktop/fast_livo2_ws/build/fast_livo' returned '0': AMENT_PREFIX_PATH=/home/fire/Desktop/fast_livo2_ws/install/vikit_ros:/home/fire/Desktop/fast_livo2_ws/install/livox_ros_driver2:${AMENT_PREFIX_PATH} CMAKE_PREFIX_PATH=/home/fire/Desktop/fast_livo2_ws/install/vikit_ros:/home/fire/Desktop/fast_livo2_ws/install/livox_ros_driver2:/opt/ros/jazzy/opt/gz_sim_vendor:/opt/ros/jazzy/opt/gz_sensors_vendor:/opt/ros/jazzy/opt/gz_physics_vendor:/opt/ros/jazzy/opt/sdformat_vendor:/opt/ros/jazzy/opt/gz_gui_vendor:/opt/ros/jazzy/opt/gz_transport_vendor:/opt/ros/jazzy/opt/gz_rendering_vendor:/opt/ros/jazzy/opt/gz_plugin_vendor:/opt/ros/jazzy/opt/gz_fuel_tools_vendor:/opt/ros/jazzy/opt/gz_msgs_vendor:/opt/ros/jazzy/opt/gz_common_vendor:/opt/ros/jazzy/opt/gz_math_vendor:/opt/ros/jazzy/opt/gz_utils_vendor:/opt/ros/jazzy/opt/gz_tools_vendor:/opt/ros/jazzy/opt/gz_ogre_next_vendor:/opt/ros/jazzy/opt/gz_dartsim_vendor:/opt/ros/jazzy/opt/gz_cmake_vendor:/opt/ros/jazzy DEBUGINFOD_URLS=https://debuginfod.ubuntu.com LD_LIBRARY_PATH=/home/fire/Desktop/fast_livo2_ws/install/vikit_ros/lib:/home/fire/Desktop/fast_livo2_ws/install/vikit_common/lib:/home/fire/Desktop/fast_livo2_ws/install/livox_ros_driver2/lib:${LD_LIBRARY_PATH} PKG_CONFIG_PATH=/home/fire/Desktop/fast_livo2_ws/install/vikit_common/lib/x86_64-linux-gnu/pkgconfig:/home/fire/Desktop/fast_livo2_ws/install/vikit_common/lib/pkgconfig PYTHONPATH=/home/fire/Desktop/fast_livo2_ws/install/livox_ros_driver2/lib/python3.12/site-packages:${PYTHONPATH} ROS_PACKAGE_PATH=/home/fire/Desktop/fast_livo2_ws/install/vikit_common/share /usr/bin/cmake /home/fire/Desktop/fast_livo2_ws/src/FAST-LIVO2 -DCMAKE_INSTALL_PREFIX=/home/fire/Desktop/fast_livo2_ws/install/fast_livo
[23.667s] DEBUG:colcon.colcon_core.event_handler.log_command:Invoking command in '/home/fire/Desktop/fast_livo2_ws/build/fast_livo': AMENT_PREFIX_PATH=/home/fire/Desktop/fast_livo2_ws/install/vikit_ros:/home/fire/Desktop/fast_livo2_ws/install/livox_ros_driver2:${AMENT_PREFIX_PATH} CMAKE_PREFIX_PATH=/home/fire/Desktop/fast_livo2_ws/install/vikit_ros:/home/fire/Desktop/fast_livo2_ws/install/livox_ros_driver2:/opt/ros/jazzy/opt/gz_sim_vendor:/opt/ros/jazzy/opt/gz_sensors_vendor:/opt/ros/jazzy/opt/gz_physics_vendor:/opt/ros/jazzy/opt/sdformat_vendor:/opt/ros/jazzy/opt/gz_gui_vendor:/opt/ros/jazzy/opt/gz_transport_vendor:/opt/ros/jazzy/opt/gz_rendering_vendor:/opt/ros/jazzy/opt/gz_plugin_vendor:/opt/ros/jazzy/opt/gz_fuel_tools_vendor:/opt/ros/jazzy/opt/gz_msgs_vendor:/opt/ros/jazzy/opt/gz_common_vendor:/opt/ros/jazzy/opt/gz_math_vendor:/opt/ros/jazzy/opt/gz_utils_vendor:/opt/ros/jazzy/opt/gz_tools_vendor:/opt/ros/jazzy/opt/gz_ogre_next_vendor:/opt/ros/jazzy/opt/gz_dartsim_vendor:/opt/ros/jazzy/opt/gz_cmake_vendor:/opt/ros/jazzy DEBUGINFOD_URLS=https://debuginfod.ubuntu.com LD_LIBRARY_PATH=/home/fire/Desktop/fast_livo2_ws/install/vikit_ros/lib:/home/fire/Desktop/fast_livo2_ws/install/vikit_common/lib:/home/fire/Desktop/fast_livo2_ws/install/livox_ros_driver2/lib:${LD_LIBRARY_PATH} PKG_CONFIG_PATH=/home/fire/Desktop/fast_livo2_ws/install/vikit_common/lib/x86_64-linux-gnu/pkgconfig:/home/fire/Desktop/fast_livo2_ws/install/vikit_common/lib/pkgconfig PYTHONPATH=/home/fire/Desktop/fast_livo2_ws/install/livox_ros_driver2/lib/python3.12/site-packages:${PYTHONPATH} ROS_PACKAGE_PATH=/home/fire/Desktop/fast_livo2_ws/install/vikit_common/share /usr/bin/cmake --build /home/fire/Desktop/fast_livo2_ws/build/fast_livo -- -j24 -l24
[38.357s] DEBUG:colcon.colcon_core.event_handler.log_command:Invoked command in '/home/fire/Desktop/fast_livo2_ws/build/realsense2_camera' returned '0': AMENT_PREFIX_PATH=/home/fire/Desktop/fast_livo2_ws/install/realsense2_camera_msgs:${AMENT_PREFIX_PATH} CMAKE_PREFIX_PATH=/home/fire/Desktop/fast_livo2_ws/install/realsense2_camera_msgs:/opt/ros/jazzy/opt/gz_sim_vendor:/opt/ros/jazzy/opt/gz_sensors_vendor:/opt/ros/jazzy/opt/gz_physics_vendor:/opt/ros/jazzy/opt/sdformat_vendor:/opt/ros/jazzy/opt/gz_gui_vendor:/opt/ros/jazzy/opt/gz_transport_vendor:/opt/ros/jazzy/opt/gz_rendering_vendor:/opt/ros/jazzy/opt/gz_plugin_vendor:/opt/ros/jazzy/opt/gz_fuel_tools_vendor:/opt/ros/jazzy/opt/gz_msgs_vendor:/opt/ros/jazzy/opt/gz_common_vendor:/opt/ros/jazzy/opt/gz_math_vendor:/opt/ros/jazzy/opt/gz_utils_vendor:/opt/ros/jazzy/opt/gz_tools_vendor:/opt/ros/jazzy/opt/gz_ogre_next_vendor:/opt/ros/jazzy/opt/gz_dartsim_vendor:/opt/ros/jazzy/opt/gz_cmake_vendor:/opt/ros/jazzy DEBUGINFOD_URLS=https://debuginfod.ubuntu.com LD_LIBRARY_PATH=/home/fire/Desktop/fast_livo2_ws/install/realsense2_camera_msgs/lib:${LD_LIBRARY_PATH} PYTHONPATH=/home/fire/Desktop/fast_livo2_ws/install/realsense2_camera_msgs/lib/python3.12/site-packages:${PYTHONPATH} /usr/bin/cmake --build /home/fire/Desktop/fast_livo2_ws/build/realsense2_camera -- -j24 -l24
[38.358s] DEBUG:colcon.colcon_core.event_handler.log_command:Invoking command in '/home/fire/Desktop/fast_livo2_ws/build/realsense2_camera': AMENT_PREFIX_PATH=/home/fire/Desktop/fast_livo2_ws/install/realsense2_camera_msgs:${AMENT_PREFIX_PATH} CMAKE_PREFIX_PATH=/home/fire/Desktop/fast_livo2_ws/install/realsense2_camera_msgs:/opt/ros/jazzy/opt/gz_sim_vendor:/opt/ros/jazzy/opt/gz_sensors_vendor:/opt/ros/jazzy/opt/gz_physics_vendor:/opt/ros/jazzy/opt/sdformat_vendor:/opt/ros/jazzy/opt/gz_gui_vendor:/opt/ros/jazzy/opt/gz_transport_vendor:/opt/ros/jazzy/opt/gz_rendering_vendor:/opt/ros/jazzy/opt/gz_plugin_vendor:/opt/ros/jazzy/opt/gz_fuel_tools_vendor:/opt/ros/jazzy/opt/gz_msgs_vendor:/opt/ros/jazzy/opt/gz_common_vendor:/opt/ros/jazzy/opt/gz_math_vendor:/opt/ros/jazzy/opt/gz_utils_vendor:/opt/ros/jazzy/opt/gz_tools_vendor:/opt/ros/jazzy/opt/gz_ogre_next_vendor:/opt/ros/jazzy/opt/gz_dartsim_vendor:/opt/ros/jazzy/opt/gz_cmake_vendor:/opt/ros/jazzy DEBUGINFOD_URLS=https://debuginfod.ubuntu.com LD_LIBRARY_PATH=/home/fire/Desktop/fast_livo2_ws/install/realsense2_camera_msgs/lib:${LD_LIBRARY_PATH} PYTHONPATH=/home/fire/Desktop/fast_livo2_ws/install/realsense2_camera_msgs/lib/python3.12/site-packages:${PYTHONPATH} /usr/bin/cmake --install /home/fire/Desktop/fast_livo2_ws/build/realsense2_camera
[38.377s] Level 1:colcon.colcon_core.environment:create_environment_scripts_only(realsense2_camera)
[38.378s] Level 1:colcon.colcon_core.environment:checking '/home/fire/Desktop/fast_livo2_ws/install/realsense2_camera' for CMake module files
[38.378s] DEBUG:colcon.colcon_core.event_handler.log_command:Invoked command in '/home/fire/Desktop/fast_livo2_ws/build/realsense2_camera' returned '0': AMENT_PREFIX_PATH=/home/fire/Desktop/fast_livo2_ws/install/realsense2_camera_msgs:${AMENT_PREFIX_PATH} CMAKE_PREFIX_PATH=/home/fire/Desktop/fast_livo2_ws/install/realsense2_camera_msgs:/opt/ros/jazzy/opt/gz_sim_vendor:/opt/ros/jazzy/opt/gz_sensors_vendor:/opt/ros/jazzy/opt/gz_physics_vendor:/opt/ros/jazzy/opt/sdformat_vendor:/opt/ros/jazzy/opt/gz_gui_vendor:/opt/ros/jazzy/opt/gz_transport_vendor:/opt/ros/jazzy/opt/gz_rendering_vendor:/opt/ros/jazzy/opt/gz_plugin_vendor:/opt/ros/jazzy/opt/gz_fuel_tools_vendor:/opt/ros/jazzy/opt/gz_msgs_vendor:/opt/ros/jazzy/opt/gz_common_vendor:/opt/ros/jazzy/opt/gz_math_vendor:/opt/ros/jazzy/opt/gz_utils_vendor:/opt/ros/jazzy/opt/gz_tools_vendor:/opt/ros/jazzy/opt/gz_ogre_next_vendor:/opt/ros/jazzy/opt/gz_dartsim_vendor:/opt/ros/jazzy/opt/gz_cmake_vendor:/opt/ros/jazzy DEBUGINFOD_URLS=https://debuginfod.ubuntu.com LD_LIBRARY_PATH=/home/fire/Desktop/fast_livo2_ws/install/realsense2_camera_msgs/lib:${LD_LIBRARY_PATH} PYTHONPATH=/home/fire/Desktop/fast_livo2_ws/install/realsense2_camera_msgs/lib/python3.12/site-packages:${PYTHONPATH} /usr/bin/cmake --install /home/fire/Desktop/fast_livo2_ws/build/realsense2_camera
[38.378s] Level 1:colcon.colcon_core.environment:checking '/home/fire/Desktop/fast_livo2_ws/install/realsense2_camera' for CMake config files
[38.378s] Level 1:colcon.colcon_core.shell:create_environment_hook('realsense2_camera', 'cmake_prefix_path')
[38.378s] INFO:colcon.colcon_core.shell:Creating environment descriptor '/home/fire/Desktop/fast_livo2_ws/install/realsense2_camera/share/realsense2_camera/hook/cmake_prefix_path.dsv'
[38.379s] INFO:colcon.colcon_core.shell:Creating environment hook '/home/fire/Desktop/fast_livo2_ws/install/realsense2_camera/share/realsense2_camera/hook/cmake_prefix_path.sh'
[38.379s] Level 1:colcon.colcon_core.environment:checking '/home/fire/Desktop/fast_livo2_ws/install/realsense2_camera/lib'
[38.379s] Level 1:colcon.colcon_core.shell:create_environment_hook('realsense2_camera', 'ld_library_path_lib')
[38.379s] INFO:colcon.colcon_core.shell:Creating environment descriptor '/home/fire/Desktop/fast_livo2_ws/install/realsense2_camera/share/realsense2_camera/hook/ld_library_path_lib.dsv'
[38.379s] INFO:colcon.colcon_core.shell:Creating environment hook '/home/fire/Desktop/fast_livo2_ws/install/realsense2_camera/share/realsense2_camera/hook/ld_library_path_lib.sh'
[38.379s] Level 1:colcon.colcon_core.environment:checking '/home/fire/Desktop/fast_livo2_ws/install/realsense2_camera/bin'
[38.379s] Level 1:colcon.colcon_core.environment:checking '/home/fire/Desktop/fast_livo2_ws/install/realsense2_camera/lib/pkgconfig/realsense2_camera.pc'
[38.380s] Level 1:colcon.colcon_core.environment:checking '/home/fire/Desktop/fast_livo2_ws/install/realsense2_camera/lib/python3.12/site-packages'
[38.380s] Level 1:colcon.colcon_core.environment:checking '/home/fire/Desktop/fast_livo2_ws/install/realsense2_camera/bin'
[38.380s] INFO:colcon.colcon_core.shell:Creating package descriptor '/home/fire/Desktop/fast_livo2_ws/install/realsense2_camera/share/realsense2_camera/package.dsv'
[38.380s] INFO:colcon.colcon_core.shell:Creating package script '/home/fire/Desktop/fast_livo2_ws/install/realsense2_camera/share/realsense2_camera/package.sh'
[38.380s] INFO:colcon.colcon_core.shell:Creating package script '/home/fire/Desktop/fast_livo2_ws/install/realsense2_camera/share/realsense2_camera/package.bash'
[38.380s] INFO:colcon.colcon_core.shell:Creating package script '/home/fire/Desktop/fast_livo2_ws/install/realsense2_camera/share/realsense2_camera/package.zsh'
[38.380s] Level 1:colcon.colcon_core.environment:create_file_with_runtime_dependencies(/home/fire/Desktop/fast_livo2_ws/install/realsense2_camera/share/colcon-core/packages/realsense2_camera)
[38.381s] Level 1:colcon.colcon_core.environment:create_environment_scripts_only(realsense2_camera)
[38.381s] Level 1:colcon.colcon_core.environment:checking '/home/fire/Desktop/fast_livo2_ws/install/realsense2_camera' for CMake module files
[38.381s] Level 1:colcon.colcon_core.environment:checking '/home/fire/Desktop/fast_livo2_ws/install/realsense2_camera' for CMake config files
[38.381s] Level 1:colcon.colcon_core.shell:create_environment_hook('realsense2_camera', 'cmake_prefix_path')
[38.381s] INFO:colcon.colcon_core.shell:Creating environment descriptor '/home/fire/Desktop/fast_livo2_ws/install/realsense2_camera/share/realsense2_camera/hook/cmake_prefix_path.dsv'
[38.381s] INFO:colcon.colcon_core.shell:Creating environment hook '/home/fire/Desktop/fast_livo2_ws/install/realsense2_camera/share/realsense2_camera/hook/cmake_prefix_path.sh'
[38.382s] Level 1:colcon.colcon_core.environment:checking '/home/fire/Desktop/fast_livo2_ws/install/realsense2_camera/lib'
[38.382s] Level 1:colcon.colcon_core.shell:create_environment_hook('realsense2_camera', 'ld_library_path_lib')
[38.382s] INFO:colcon.colcon_core.shell:Creating environment descriptor '/home/fire/Desktop/fast_livo2_ws/install/realsense2_camera/share/realsense2_camera/hook/ld_library_path_lib.dsv'
[38.382s] INFO:colcon.colcon_core.shell:Creating environment hook '/home/fire/Desktop/fast_livo2_ws/install/realsense2_camera/share/realsense2_camera/hook/ld_library_path_lib.sh'
[38.382s] Level 1:colcon.colcon_core.environment:checking '/home/fire/Desktop/fast_livo2_ws/install/realsense2_camera/bin'
[38.382s] Level 1:colcon.colcon_core.environment:checking '/home/fire/Desktop/fast_livo2_ws/install/realsense2_camera/lib/pkgconfig/realsense2_camera.pc'
[38.382s] Level 1:colcon.colcon_core.environment:checking '/home/fire/Desktop/fast_livo2_ws/install/realsense2_camera/lib/python3.12/site-packages'
[38.382s] Level 1:colcon.colcon_core.environment:checking '/home/fire/Desktop/fast_livo2_ws/install/realsense2_camera/bin'
[38.383s] INFO:colcon.colcon_core.shell:Creating package descriptor '/home/fire/Desktop/fast_livo2_ws/install/realsense2_camera/share/realsense2_camera/package.dsv'
[38.383s] INFO:colcon.colcon_core.shell:Creating package script '/home/fire/Desktop/fast_livo2_ws/install/realsense2_camera/share/realsense2_camera/package.sh'
[38.383s] INFO:colcon.colcon_core.shell:Creating package script '/home/fire/Desktop/fast_livo2_ws/install/realsense2_camera/share/realsense2_camera/package.bash'
[38.383s] INFO:colcon.colcon_core.shell:Creating package script '/home/fire/Desktop/fast_livo2_ws/install/realsense2_camera/share/realsense2_camera/package.zsh'
[38.383s] Level 1:colcon.colcon_core.environment:create_file_with_runtime_dependencies(/home/fire/Desktop/fast_livo2_ws/install/realsense2_camera/share/colcon-core/packages/realsense2_camera)
[62.784s] DEBUG:colcon.colcon_core.event_handler.log_command:Invoked command in '/home/fire/Desktop/fast_livo2_ws/build/fast_livo' returned '0': AMENT_PREFIX_PATH=/home/fire/Desktop/fast_livo2_ws/install/vikit_ros:/home/fire/Desktop/fast_livo2_ws/install/livox_ros_driver2:${AMENT_PREFIX_PATH} CMAKE_PREFIX_PATH=/home/fire/Desktop/fast_livo2_ws/install/vikit_ros:/home/fire/Desktop/fast_livo2_ws/install/livox_ros_driver2:/opt/ros/jazzy/opt/gz_sim_vendor:/opt/ros/jazzy/opt/gz_sensors_vendor:/opt/ros/jazzy/opt/gz_physics_vendor:/opt/ros/jazzy/opt/sdformat_vendor:/opt/ros/jazzy/opt/gz_gui_vendor:/opt/ros/jazzy/opt/gz_transport_vendor:/opt/ros/jazzy/opt/gz_rendering_vendor:/opt/ros/jazzy/opt/gz_plugin_vendor:/opt/ros/jazzy/opt/gz_fuel_tools_vendor:/opt/ros/jazzy/opt/gz_msgs_vendor:/opt/ros/jazzy/opt/gz_common_vendor:/opt/ros/jazzy/opt/gz_math_vendor:/opt/ros/jazzy/opt/gz_utils_vendor:/opt/ros/jazzy/opt/gz_tools_vendor:/opt/ros/jazzy/opt/gz_ogre_next_vendor:/opt/ros/jazzy/opt/gz_dartsim_vendor:/opt/ros/jazzy/opt/gz_cmake_vendor:/opt/ros/jazzy DEBUGINFOD_URLS=https://debuginfod.ubuntu.com LD_LIBRARY_PATH=/home/fire/Desktop/fast_livo2_ws/install/vikit_ros/lib:/home/fire/Desktop/fast_livo2_ws/install/vikit_common/lib:/home/fire/Desktop/fast_livo2_ws/install/livox_ros_driver2/lib:${LD_LIBRARY_PATH} PKG_CONFIG_PATH=/home/fire/Desktop/fast_livo2_ws/install/vikit_common/lib/x86_64-linux-gnu/pkgconfig:/home/fire/Desktop/fast_livo2_ws/install/vikit_common/lib/pkgconfig PYTHONPATH=/home/fire/Desktop/fast_livo2_ws/install/livox_ros_driver2/lib/python3.12/site-packages:${PYTHONPATH} ROS_PACKAGE_PATH=/home/fire/Desktop/fast_livo2_ws/install/vikit_common/share /usr/bin/cmake --build /home/fire/Desktop/fast_livo2_ws/build/fast_livo -- -j24 -l24
[62.785s] DEBUG:colcon.colcon_core.event_handler.log_command:Invoking command in '/home/fire/Desktop/fast_livo2_ws/build/fast_livo': AMENT_PREFIX_PATH=/home/fire/Desktop/fast_livo2_ws/install/vikit_ros:/home/fire/Desktop/fast_livo2_ws/install/livox_ros_driver2:${AMENT_PREFIX_PATH} CMAKE_PREFIX_PATH=/home/fire/Desktop/fast_livo2_ws/install/vikit_ros:/home/fire/Desktop/fast_livo2_ws/install/livox_ros_driver2:/opt/ros/jazzy/opt/gz_sim_vendor:/opt/ros/jazzy/opt/gz_sensors_vendor:/opt/ros/jazzy/opt/gz_physics_vendor:/opt/ros/jazzy/opt/sdformat_vendor:/opt/ros/jazzy/opt/gz_gui_vendor:/opt/ros/jazzy/opt/gz_transport_vendor:/opt/ros/jazzy/opt/gz_rendering_vendor:/opt/ros/jazzy/opt/gz_plugin_vendor:/opt/ros/jazzy/opt/gz_fuel_tools_vendor:/opt/ros/jazzy/opt/gz_msgs_vendor:/opt/ros/jazzy/opt/gz_common_vendor:/opt/ros/jazzy/opt/gz_math_vendor:/opt/ros/jazzy/opt/gz_utils_vendor:/opt/ros/jazzy/opt/gz_tools_vendor:/opt/ros/jazzy/opt/gz_ogre_next_vendor:/opt/ros/jazzy/opt/gz_dartsim_vendor:/opt/ros/jazzy/opt/gz_cmake_vendor:/opt/ros/jazzy DEBUGINFOD_URLS=https://debuginfod.ubuntu.com LD_LIBRARY_PATH=/home/fire/Desktop/fast_livo2_ws/install/vikit_ros/lib:/home/fire/Desktop/fast_livo2_ws/install/vikit_common/lib:/home/fire/Desktop/fast_livo2_ws/install/livox_ros_driver2/lib:${LD_LIBRARY_PATH} PKG_CONFIG_PATH=/home/fire/Desktop/fast_livo2_ws/install/vikit_common/lib/x86_64-linux-gnu/pkgconfig:/home/fire/Desktop/fast_livo2_ws/install/vikit_common/lib/pkgconfig PYTHONPATH=/home/fire/Desktop/fast_livo2_ws/install/livox_ros_driver2/lib/python3.12/site-packages:${PYTHONPATH} ROS_PACKAGE_PATH=/home/fire/Desktop/fast_livo2_ws/install/vikit_common/share /usr/bin/cmake --install /home/fire/Desktop/fast_livo2_ws/build/fast_livo
[62.795s] Level 1:colcon.colcon_core.environment:create_environment_scripts_only(fast_livo)
[62.795s] Level 1:colcon.colcon_core.environment:checking '/home/fire/Desktop/fast_livo2_ws/install/fast_livo' for CMake module files
[62.796s] DEBUG:colcon.colcon_core.event_handler.log_command:Invoked command in '/home/fire/Desktop/fast_livo2_ws/build/fast_livo' returned '0': AMENT_PREFIX_PATH=/home/fire/Desktop/fast_livo2_ws/install/vikit_ros:/home/fire/Desktop/fast_livo2_ws/install/livox_ros_driver2:${AMENT_PREFIX_PATH} CMAKE_PREFIX_PATH=/home/fire/Desktop/fast_livo2_ws/install/vikit_ros:/home/fire/Desktop/fast_livo2_ws/install/livox_ros_driver2:/opt/ros/jazzy/opt/gz_sim_vendor:/opt/ros/jazzy/opt/gz_sensors_vendor:/opt/ros/jazzy/opt/gz_physics_vendor:/opt/ros/jazzy/opt/sdformat_vendor:/opt/ros/jazzy/opt/gz_gui_vendor:/opt/ros/jazzy/opt/gz_transport_vendor:/opt/ros/jazzy/opt/gz_rendering_vendor:/opt/ros/jazzy/opt/gz_plugin_vendor:/opt/ros/jazzy/opt/gz_fuel_tools_vendor:/opt/ros/jazzy/opt/gz_msgs_vendor:/opt/ros/jazzy/opt/gz_common_vendor:/opt/ros/jazzy/opt/gz_math_vendor:/opt/ros/jazzy/opt/gz_utils_vendor:/opt/ros/jazzy/opt/gz_tools_vendor:/opt/ros/jazzy/opt/gz_ogre_next_vendor:/opt/ros/jazzy/opt/gz_dartsim_vendor:/opt/ros/jazzy/opt/gz_cmake_vendor:/opt/ros/jazzy DEBUGINFOD_URLS=https://debuginfod.ubuntu.com LD_LIBRARY_PATH=/home/fire/Desktop/fast_livo2_ws/install/vikit_ros/lib:/home/fire/Desktop/fast_livo2_ws/install/vikit_common/lib:/home/fire/Desktop/fast_livo2_ws/install/livox_ros_driver2/lib:${LD_LIBRARY_PATH} PKG_CONFIG_PATH=/home/fire/Desktop/fast_livo2_ws/install/vikit_common/lib/x86_64-linux-gnu/pkgconfig:/home/fire/Desktop/fast_livo2_ws/install/vikit_common/lib/pkgconfig PYTHONPATH=/home/fire/Desktop/fast_livo2_ws/install/livox_ros_driver2/lib/python3.12/site-packages:${PYTHONPATH} ROS_PACKAGE_PATH=/home/fire/Desktop/fast_livo2_ws/install/vikit_common/share /usr/bin/cmake --install /home/fire/Desktop/fast_livo2_ws/build/fast_livo
[62.796s] Level 1:colcon.colcon_core.environment:checking '/home/fire/Desktop/fast_livo2_ws/install/fast_livo' for CMake config files
[62.796s] Level 1:colcon.colcon_core.shell:create_environment_hook('fast_livo', 'cmake_prefix_path')
[62.796s] INFO:colcon.colcon_core.shell:Creating environment descriptor '/home/fire/Desktop/fast_livo2_ws/install/fast_livo/share/fast_livo/hook/cmake_prefix_path.dsv'
[62.796s] INFO:colcon.colcon_core.shell:Creating environment hook '/home/fire/Desktop/fast_livo2_ws/install/fast_livo/share/fast_livo/hook/cmake_prefix_path.sh'
[62.796s] Level 1:colcon.colcon_core.environment:checking '/home/fire/Desktop/fast_livo2_ws/install/fast_livo/lib'
[62.796s] Level 1:colcon.colcon_core.environment:checking '/home/fire/Desktop/fast_livo2_ws/install/fast_livo/bin'
[62.796s] Level 1:colcon.colcon_core.environment:checking '/home/fire/Desktop/fast_livo2_ws/install/fast_livo/lib/pkgconfig/fast_livo.pc'
[62.797s] Level 1:colcon.colcon_core.environment:checking '/home/fire/Desktop/fast_livo2_ws/install/fast_livo/lib/python3.12/site-packages'
[62.797s] Level 1:colcon.colcon_core.environment:checking '/home/fire/Desktop/fast_livo2_ws/install/fast_livo/bin'
[62.797s] INFO:colcon.colcon_core.shell:Creating package descriptor '/home/fire/Desktop/fast_livo2_ws/install/fast_livo/share/fast_livo/package.dsv'
[62.797s] INFO:colcon.colcon_core.shell:Creating package script '/home/fire/Desktop/fast_livo2_ws/install/fast_livo/share/fast_livo/package.sh'
[62.797s] INFO:colcon.colcon_core.shell:Creating package script '/home/fire/Desktop/fast_livo2_ws/install/fast_livo/share/fast_livo/package.bash'
[62.797s] INFO:colcon.colcon_core.shell:Creating package script '/home/fire/Desktop/fast_livo2_ws/install/fast_livo/share/fast_livo/package.zsh'
[62.797s] Level 1:colcon.colcon_core.environment:create_file_with_runtime_dependencies(/home/fire/Desktop/fast_livo2_ws/install/fast_livo/share/colcon-core/packages/fast_livo)
[62.798s] Level 1:colcon.colcon_core.environment:create_environment_scripts_only(fast_livo)
[62.798s] Level 1:colcon.colcon_core.environment:checking '/home/fire/Desktop/fast_livo2_ws/install/fast_livo' for CMake module files
[62.798s] Level 1:colcon.colcon_core.environment:checking '/home/fire/Desktop/fast_livo2_ws/install/fast_livo' for CMake config files
[62.798s] Level 1:colcon.colcon_core.shell:create_environment_hook('fast_livo', 'cmake_prefix_path')
[62.798s] INFO:colcon.colcon_core.shell:Creating environment descriptor '/home/fire/Desktop/fast_livo2_ws/install/fast_livo/share/fast_livo/hook/cmake_prefix_path.dsv'
[62.798s] INFO:colcon.colcon_core.shell:Creating environment hook '/home/fire/Desktop/fast_livo2_ws/install/fast_livo/share/fast_livo/hook/cmake_prefix_path.sh'
[62.798s] Level 1:colcon.colcon_core.environment:checking '/home/fire/Desktop/fast_livo2_ws/install/fast_livo/lib'
[62.798s] Level 1:colcon.colcon_core.environment:checking '/home/fire/Desktop/fast_livo2_ws/install/fast_livo/bin'
[62.799s] Level 1:colcon.colcon_core.environment:checking '/home/fire/Desktop/fast_livo2_ws/install/fast_livo/lib/pkgconfig/fast_livo.pc'
[62.799s] Level 1:colcon.colcon_core.environment:checking '/home/fire/Desktop/fast_livo2_ws/install/fast_livo/lib/python3.12/site-packages'
[62.799s] Level 1:colcon.colcon_core.environment:checking '/home/fire/Desktop/fast_livo2_ws/install/fast_livo/bin'
[62.799s] INFO:colcon.colcon_core.shell:Creating package descriptor '/home/fire/Desktop/fast_livo2_ws/install/fast_livo/share/fast_livo/package.dsv'
[62.799s] INFO:colcon.colcon_core.shell:Creating package script '/home/fire/Desktop/fast_livo2_ws/install/fast_livo/share/fast_livo/package.sh'
[62.799s] INFO:colcon.colcon_core.shell:Creating package script '/home/fire/Desktop/fast_livo2_ws/install/fast_livo/share/fast_livo/package.bash'
[62.799s] INFO:colcon.colcon_core.shell:Creating package script '/home/fire/Desktop/fast_livo2_ws/install/fast_livo/share/fast_livo/package.zsh'
[62.800s] Level 1:colcon.colcon_core.environment:create_file_with_runtime_dependencies(/home/fire/Desktop/fast_livo2_ws/install/fast_livo/share/colcon-core/packages/fast_livo)
[62.800s] INFO:colcon.colcon_ros.task.ament_cmake.build:Building ROS package in '/home/fire/Desktop/fast_livo2_ws/src/top_pkg' with build type 'ament_cmake'
[62.800s] INFO:colcon.colcon_cmake.task.cmake.build:Building CMake package in '/home/fire/Desktop/fast_livo2_ws/src/top_pkg'
[62.800s] DEBUG:colcon.colcon_core.shell:Skip shell extension 'dsv' for command environment
[62.813s] DEBUG:colcon.colcon_core.event_handler.log_command:Invoking command in '/home/fire/Desktop/fast_livo2_ws/build/top_pkg': AMENT_PREFIX_PATH=/home/fire/Desktop/fast_livo2_ws/install/fast_livo:/home/fire/Desktop/fast_livo2_ws/install/vikit_ros:/home/fire/Desktop/fast_livo2_ws/install/realsense2_camera:/home/fire/Desktop/fast_livo2_ws/install/realsense2_camera_msgs:/home/fire/Desktop/fast_livo2_ws/install/livox_ros_driver2:${AMENT_PREFIX_PATH} CMAKE_PREFIX_PATH=/home/fire/Desktop/fast_livo2_ws/install/fast_livo:/home/fire/Desktop/fast_livo2_ws/install/vikit_ros:/home/fire/Desktop/fast_livo2_ws/install/realsense2_camera:/home/fire/Desktop/fast_livo2_ws/install/realsense2_camera_msgs:/home/fire/Desktop/fast_livo2_ws/install/livox_ros_driver2:/opt/ros/jazzy/opt/gz_sim_vendor:/opt/ros/jazzy/opt/gz_sensors_vendor:/opt/ros/jazzy/opt/gz_physics_vendor:/opt/ros/jazzy/opt/sdformat_vendor:/opt/ros/jazzy/opt/gz_gui_vendor:/opt/ros/jazzy/opt/gz_transport_vendor:/opt/ros/jazzy/opt/gz_rendering_vendor:/opt/ros/jazzy/opt/gz_plugin_vendor:/opt/ros/jazzy/opt/gz_fuel_tools_vendor:/opt/ros/jazzy/opt/gz_msgs_vendor:/opt/ros/jazzy/opt/gz_common_vendor:/opt/ros/jazzy/opt/gz_math_vendor:/opt/ros/jazzy/opt/gz_utils_vendor:/opt/ros/jazzy/opt/gz_tools_vendor:/opt/ros/jazzy/opt/gz_ogre_next_vendor:/opt/ros/jazzy/opt/gz_dartsim_vendor:/opt/ros/jazzy/opt/gz_cmake_vendor:/opt/ros/jazzy DEBUGINFOD_URLS=https://debuginfod.ubuntu.com LD_LIBRARY_PATH=/home/fire/Desktop/fast_livo2_ws/install/vikit_ros/lib:/home/fire/Desktop/fast_livo2_ws/install/realsense2_camera/lib:/home/fire/Desktop/fast_livo2_ws/install/vikit_common/lib:/home/fire/Desktop/fast_livo2_ws/install/realsense2_camera_msgs/lib:/home/fire/Desktop/fast_livo2_ws/install/livox_ros_driver2/lib:${LD_LIBRARY_PATH} PKG_CONFIG_PATH=/home/fire/Desktop/fast_livo2_ws/install/vikit_common/lib/x86_64-linux-gnu/pkgconfig:/home/fire/Desktop/fast_livo2_ws/install/vikit_common/lib/pkgconfig PYTHONPATH=/home/fire/Desktop/fast_livo2_ws/install/realsense2_camera_msgs/lib/python3.12/site-packages:/home/fire/Desktop/fast_livo2_ws/install/livox_ros_driver2/lib/python3.12/site-packages:${PYTHONPATH} ROS_PACKAGE_PATH=/home/fire/Desktop/fast_livo2_ws/install/vikit_common/share /usr/bin/cmake /home/fire/Desktop/fast_livo2_ws/src/top_pkg -DCMAKE_INSTALL_PREFIX=/home/fire/Desktop/fast_livo2_ws/install/top_pkg
[63.267s] DEBUG:colcon.colcon_core.event_handler.log_command:Invoked command in '/home/fire/Desktop/fast_livo2_ws/build/top_pkg' returned '0': AMENT_PREFIX_PATH=/home/fire/Desktop/fast_livo2_ws/install/fast_livo:/home/fire/Desktop/fast_livo2_ws/install/vikit_ros:/home/fire/Desktop/fast_livo2_ws/install/realsense2_camera:/home/fire/Desktop/fast_livo2_ws/install/realsense2_camera_msgs:/home/fire/Desktop/fast_livo2_ws/install/livox_ros_driver2:${AMENT_PREFIX_PATH} CMAKE_PREFIX_PATH=/home/fire/Desktop/fast_livo2_ws/install/fast_livo:/home/fire/Desktop/fast_livo2_ws/install/vikit_ros:/home/fire/Desktop/fast_livo2_ws/install/realsense2_camera:/home/fire/Desktop/fast_livo2_ws/install/realsense2_camera_msgs:/home/fire/Desktop/fast_livo2_ws/install/livox_ros_driver2:/opt/ros/jazzy/opt/gz_sim_vendor:/opt/ros/jazzy/opt/gz_sensors_vendor:/opt/ros/jazzy/opt/gz_physics_vendor:/opt/ros/jazzy/opt/sdformat_vendor:/opt/ros/jazzy/opt/gz_gui_vendor:/opt/ros/jazzy/opt/gz_transport_vendor:/opt/ros/jazzy/opt/gz_rendering_vendor:/opt/ros/jazzy/opt/gz_plugin_vendor:/opt/ros/jazzy/opt/gz_fuel_tools_vendor:/opt/ros/jazzy/opt/gz_msgs_vendor:/opt/ros/jazzy/opt/gz_common_vendor:/opt/ros/jazzy/opt/gz_math_vendor:/opt/ros/jazzy/opt/gz_utils_vendor:/opt/ros/jazzy/opt/gz_tools_vendor:/opt/ros/jazzy/opt/gz_ogre_next_vendor:/opt/ros/jazzy/opt/gz_dartsim_vendor:/opt/ros/jazzy/opt/gz_cmake_vendor:/opt/ros/jazzy DEBUGINFOD_URLS=https://debuginfod.ubuntu.com LD_LIBRARY_PATH=/home/fire/Desktop/fast_livo2_ws/install/vikit_ros/lib:/home/fire/Desktop/fast_livo2_ws/install/realsense2_camera/lib:/home/fire/Desktop/fast_livo2_ws/install/vikit_common/lib:/home/fire/Desktop/fast_livo2_ws/install/realsense2_camera_msgs/lib:/home/fire/Desktop/fast_livo2_ws/install/livox_ros_driver2/lib:${LD_LIBRARY_PATH} PKG_CONFIG_PATH=/home/fire/Desktop/fast_livo2_ws/install/vikit_common/lib/x86_64-linux-gnu/pkgconfig:/home/fire/Desktop/fast_livo2_ws/install/vikit_common/lib/pkgconfig PYTHONPATH=/home/fire/Desktop/fast_livo2_ws/install/realsense2_camera_msgs/lib/python3.12/site-packages:/home/fire/Desktop/fast_livo2_ws/install/livox_ros_driver2/lib/python3.12/site-packages:${PYTHONPATH} ROS_PACKAGE_PATH=/home/fire/Desktop/fast_livo2_ws/install/vikit_common/share /usr/bin/cmake /home/fire/Desktop/fast_livo2_ws/src/top_pkg -DCMAKE_INSTALL_PREFIX=/home/fire/Desktop/fast_livo2_ws/install/top_pkg
[63.267s] DEBUG:colcon.colcon_core.event_handler.log_command:Invoking command in '/home/fire/Desktop/fast_livo2_ws/build/top_pkg': AMENT_PREFIX_PATH=/home/fire/Desktop/fast_livo2_ws/install/fast_livo:/home/fire/Desktop/fast_livo2_ws/install/vikit_ros:/home/fire/Desktop/fast_livo2_ws/install/realsense2_camera:/home/fire/Desktop/fast_livo2_ws/install/realsense2_camera_msgs:/home/fire/Desktop/fast_livo2_ws/install/livox_ros_driver2:${AMENT_PREFIX_PATH} CMAKE_PREFIX_PATH=/home/fire/Desktop/fast_livo2_ws/install/fast_livo:/home/fire/Desktop/fast_livo2_ws/install/vikit_ros:/home/fire/Desktop/fast_livo2_ws/install/realsense2_camera:/home/fire/Desktop/fast_livo2_ws/install/realsense2_camera_msgs:/home/fire/Desktop/fast_livo2_ws/install/livox_ros_driver2:/opt/ros/jazzy/opt/gz_sim_vendor:/opt/ros/jazzy/opt/gz_sensors_vendor:/opt/ros/jazzy/opt/gz_physics_vendor:/opt/ros/jazzy/opt/sdformat_vendor:/opt/ros/jazzy/opt/gz_gui_vendor:/opt/ros/jazzy/opt/gz_transport_vendor:/opt/ros/jazzy/opt/gz_rendering_vendor:/opt/ros/jazzy/opt/gz_plugin_vendor:/opt/ros/jazzy/opt/gz_fuel_tools_vendor:/opt/ros/jazzy/opt/gz_msgs_vendor:/opt/ros/jazzy/opt/gz_common_vendor:/opt/ros/jazzy/opt/gz_math_vendor:/opt/ros/jazzy/opt/gz_utils_vendor:/opt/ros/jazzy/opt/gz_tools_vendor:/opt/ros/jazzy/opt/gz_ogre_next_vendor:/opt/ros/jazzy/opt/gz_dartsim_vendor:/opt/ros/jazzy/opt/gz_cmake_vendor:/opt/ros/jazzy DEBUGINFOD_URLS=https://debuginfod.ubuntu.com LD_LIBRARY_PATH=/home/fire/Desktop/fast_livo2_ws/install/vikit_ros/lib:/home/fire/Desktop/fast_livo2_ws/install/realsense2_camera/lib:/home/fire/Desktop/fast_livo2_ws/install/vikit_common/lib:/home/fire/Desktop/fast_livo2_ws/install/realsense2_camera_msgs/lib:/home/fire/Desktop/fast_livo2_ws/install/livox_ros_driver2/lib:${LD_LIBRARY_PATH} PKG_CONFIG_PATH=/home/fire/Desktop/fast_livo2_ws/install/vikit_common/lib/x86_64-linux-gnu/pkgconfig:/home/fire/Desktop/fast_livo2_ws/install/vikit_common/lib/pkgconfig PYTHONPATH=/home/fire/Desktop/fast_livo2_ws/install/realsense2_camera_msgs/lib/python3.12/site-packages:/home/fire/Desktop/fast_livo2_ws/install/livox_ros_driver2/lib/python3.12/site-packages:${PYTHONPATH} ROS_PACKAGE_PATH=/home/fire/Desktop/fast_livo2_ws/install/vikit_common/share /usr/bin/cmake --build /home/fire/Desktop/fast_livo2_ws/build/top_pkg -- -j24 -l24
[63.295s] DEBUG:colcon.colcon_core.event_handler.log_command:Invoked command in '/home/fire/Desktop/fast_livo2_ws/build/top_pkg' returned '0': AMENT_PREFIX_PATH=/home/fire/Desktop/fast_livo2_ws/install/fast_livo:/home/fire/Desktop/fast_livo2_ws/install/vikit_ros:/home/fire/Desktop/fast_livo2_ws/install/realsense2_camera:/home/fire/Desktop/fast_livo2_ws/install/realsense2_camera_msgs:/home/fire/Desktop/fast_livo2_ws/install/livox_ros_driver2:${AMENT_PREFIX_PATH} CMAKE_PREFIX_PATH=/home/fire/Desktop/fast_livo2_ws/install/fast_livo:/home/fire/Desktop/fast_livo2_ws/install/vikit_ros:/home/fire/Desktop/fast_livo2_ws/install/realsense2_camera:/home/fire/Desktop/fast_livo2_ws/install/realsense2_camera_msgs:/home/fire/Desktop/fast_livo2_ws/install/livox_ros_driver2:/opt/ros/jazzy/opt/gz_sim_vendor:/opt/ros/jazzy/opt/gz_sensors_vendor:/opt/ros/jazzy/opt/gz_physics_vendor:/opt/ros/jazzy/opt/sdformat_vendor:/opt/ros/jazzy/opt/gz_gui_vendor:/opt/ros/jazzy/opt/gz_transport_vendor:/opt/ros/jazzy/opt/gz_rendering_vendor:/opt/ros/jazzy/opt/gz_plugin_vendor:/opt/ros/jazzy/opt/gz_fuel_tools_vendor:/opt/ros/jazzy/opt/gz_msgs_vendor:/opt/ros/jazzy/opt/gz_common_vendor:/opt/ros/jazzy/opt/gz_math_vendor:/opt/ros/jazzy/opt/gz_utils_vendor:/opt/ros/jazzy/opt/gz_tools_vendor:/opt/ros/jazzy/opt/gz_ogre_next_vendor:/opt/ros/jazzy/opt/gz_dartsim_vendor:/opt/ros/jazzy/opt/gz_cmake_vendor:/opt/ros/jazzy DEBUGINFOD_URLS=https://debuginfod.ubuntu.com LD_LIBRARY_PATH=/home/fire/Desktop/fast_livo2_ws/install/vikit_ros/lib:/home/fire/Desktop/fast_livo2_ws/install/realsense2_camera/lib:/home/fire/Desktop/fast_livo2_ws/install/vikit_common/lib:/home/fire/Desktop/fast_livo2_ws/install/realsense2_camera_msgs/lib:/home/fire/Desktop/fast_livo2_ws/install/livox_ros_driver2/lib:${LD_LIBRARY_PATH} PKG_CONFIG_PATH=/home/fire/Desktop/fast_livo2_ws/install/vikit_common/lib/x86_64-linux-gnu/pkgconfig:/home/fire/Desktop/fast_livo2_ws/install/vikit_common/lib/pkgconfig PYTHONPATH=/home/fire/Desktop/fast_livo2_ws/install/realsense2_camera_msgs/lib/python3.12/site-packages:/home/fire/Desktop/fast_livo2_ws/install/livox_ros_driver2/lib/python3.12/site-packages:${PYTHONPATH} ROS_PACKAGE_PATH=/home/fire/Desktop/fast_livo2_ws/install/vikit_common/share /usr/bin/cmake --build /home/fire/Desktop/fast_livo2_ws/build/top_pkg -- -j24 -l24
[63.296s] DEBUG:colcon.colcon_core.event_handler.log_command:Invoking command in '/home/fire/Desktop/fast_livo2_ws/build/top_pkg': AMENT_PREFIX_PATH=/home/fire/Desktop/fast_livo2_ws/install/fast_livo:/home/fire/Desktop/fast_livo2_ws/install/vikit_ros:/home/fire/Desktop/fast_livo2_ws/install/realsense2_camera:/home/fire/Desktop/fast_livo2_ws/install/realsense2_camera_msgs:/home/fire/Desktop/fast_livo2_ws/install/livox_ros_driver2:${AMENT_PREFIX_PATH} CMAKE_PREFIX_PATH=/home/fire/Desktop/fast_livo2_ws/install/fast_livo:/home/fire/Desktop/fast_livo2_ws/install/vikit_ros:/home/fire/Desktop/fast_livo2_ws/install/realsense2_camera:/home/fire/Desktop/fast_livo2_ws/install/realsense2_camera_msgs:/home/fire/Desktop/fast_livo2_ws/install/livox_ros_driver2:/opt/ros/jazzy/opt/gz_sim_vendor:/opt/ros/jazzy/opt/gz_sensors_vendor:/opt/ros/jazzy/opt/gz_physics_vendor:/opt/ros/jazzy/opt/sdformat_vendor:/opt/ros/jazzy/opt/gz_gui_vendor:/opt/ros/jazzy/opt/gz_transport_vendor:/opt/ros/jazzy/opt/gz_rendering_vendor:/opt/ros/jazzy/opt/gz_plugin_vendor:/opt/ros/jazzy/opt/gz_fuel_tools_vendor:/opt/ros/jazzy/opt/gz_msgs_vendor:/opt/ros/jazzy/opt/gz_common_vendor:/opt/ros/jazzy/opt/gz_math_vendor:/opt/ros/jazzy/opt/gz_utils_vendor:/opt/ros/jazzy/opt/gz_tools_vendor:/opt/ros/jazzy/opt/gz_ogre_next_vendor:/opt/ros/jazzy/opt/gz_dartsim_vendor:/opt/ros/jazzy/opt/gz_cmake_vendor:/opt/ros/jazzy DEBUGINFOD_URLS=https://debuginfod.ubuntu.com LD_LIBRARY_PATH=/home/fire/Desktop/fast_livo2_ws/install/vikit_ros/lib:/home/fire/Desktop/fast_livo2_ws/install/realsense2_camera/lib:/home/fire/Desktop/fast_livo2_ws/install/vikit_common/lib:/home/fire/Desktop/fast_livo2_ws/install/realsense2_camera_msgs/lib:/home/fire/Desktop/fast_livo2_ws/install/livox_ros_driver2/lib:${LD_LIBRARY_PATH} PKG_CONFIG_PATH=/home/fire/Desktop/fast_livo2_ws/install/vikit_common/lib/x86_64-linux-gnu/pkgconfig:/home/fire/Desktop/fast_livo2_ws/install/vikit_common/lib/pkgconfig PYTHONPATH=/home/fire/Desktop/fast_livo2_ws/install/realsense2_camera_msgs/lib/python3.12/site-packages:/home/fire/Desktop/fast_livo2_ws/install/livox_ros_driver2/lib/python3.12/site-packages:${PYTHONPATH} ROS_PACKAGE_PATH=/home/fire/Desktop/fast_livo2_ws/install/vikit_common/share /usr/bin/cmake --install /home/fire/Desktop/fast_livo2_ws/build/top_pkg
[63.305s] Level 1:colcon.colcon_core.environment:create_environment_scripts_only(top_pkg)
[63.305s] Level 1:colcon.colcon_core.environment:checking '/home/fire/Desktop/fast_livo2_ws/install/top_pkg' for CMake module files
[63.305s] DEBUG:colcon.colcon_core.event_handler.log_command:Invoked command in '/home/fire/Desktop/fast_livo2_ws/build/top_pkg' returned '0': AMENT_PREFIX_PATH=/home/fire/Desktop/fast_livo2_ws/install/fast_livo:/home/fire/Desktop/fast_livo2_ws/install/vikit_ros:/home/fire/Desktop/fast_livo2_ws/install/realsense2_camera:/home/fire/Desktop/fast_livo2_ws/install/realsense2_camera_msgs:/home/fire/Desktop/fast_livo2_ws/install/livox_ros_driver2:${AMENT_PREFIX_PATH} CMAKE_PREFIX_PATH=/home/fire/Desktop/fast_livo2_ws/install/fast_livo:/home/fire/Desktop/fast_livo2_ws/install/vikit_ros:/home/fire/Desktop/fast_livo2_ws/install/realsense2_camera:/home/fire/Desktop/fast_livo2_ws/install/realsense2_camera_msgs:/home/fire/Desktop/fast_livo2_ws/install/livox_ros_driver2:/opt/ros/jazzy/opt/gz_sim_vendor:/opt/ros/jazzy/opt/gz_sensors_vendor:/opt/ros/jazzy/opt/gz_physics_vendor:/opt/ros/jazzy/opt/sdformat_vendor:/opt/ros/jazzy/opt/gz_gui_vendor:/opt/ros/jazzy/opt/gz_transport_vendor:/opt/ros/jazzy/opt/gz_rendering_vendor:/opt/ros/jazzy/opt/gz_plugin_vendor:/opt/ros/jazzy/opt/gz_fuel_tools_vendor:/opt/ros/jazzy/opt/gz_msgs_vendor:/opt/ros/jazzy/opt/gz_common_vendor:/opt/ros/jazzy/opt/gz_math_vendor:/opt/ros/jazzy/opt/gz_utils_vendor:/opt/ros/jazzy/opt/gz_tools_vendor:/opt/ros/jazzy/opt/gz_ogre_next_vendor:/opt/ros/jazzy/opt/gz_dartsim_vendor:/opt/ros/jazzy/opt/gz_cmake_vendor:/opt/ros/jazzy DEBUGINFOD_URLS=https://debuginfod.ubuntu.com LD_LIBRARY_PATH=/home/fire/Desktop/fast_livo2_ws/install/vikit_ros/lib:/home/fire/Desktop/fast_livo2_ws/install/realsense2_camera/lib:/home/fire/Desktop/fast_livo2_ws/install/vikit_common/lib:/home/fire/Desktop/fast_livo2_ws/install/realsense2_camera_msgs/lib:/home/fire/Desktop/fast_livo2_ws/install/livox_ros_driver2/lib:${LD_LIBRARY_PATH} PKG_CONFIG_PATH=/home/fire/Desktop/fast_livo2_ws/install/vikit_common/lib/x86_64-linux-gnu/pkgconfig:/home/fire/Desktop/fast_livo2_ws/install/vikit_common/lib/pkgconfig PYTHONPATH=/home/fire/Desktop/fast_livo2_ws/install/realsense2_camera_msgs/lib/python3.12/site-packages:/home/fire/Desktop/fast_livo2_ws/install/livox_ros_driver2/lib/python3.12/site-packages:${PYTHONPATH} ROS_PACKAGE_PATH=/home/fire/Desktop/fast_livo2_ws/install/vikit_common/share /usr/bin/cmake --install /home/fire/Desktop/fast_livo2_ws/build/top_pkg
[63.305s] Level 1:colcon.colcon_core.environment:checking '/home/fire/Desktop/fast_livo2_ws/install/top_pkg' for CMake config files
[63.305s] Level 1:colcon.colcon_core.shell:create_environment_hook('top_pkg', 'cmake_prefix_path')
[63.305s] INFO:colcon.colcon_core.shell:Creating environment descriptor '/home/fire/Desktop/fast_livo2_ws/install/top_pkg/share/top_pkg/hook/cmake_prefix_path.dsv'
[63.305s] INFO:colcon.colcon_core.shell:Creating environment hook '/home/fire/Desktop/fast_livo2_ws/install/top_pkg/share/top_pkg/hook/cmake_prefix_path.sh'
[63.306s] Level 1:colcon.colcon_core.environment:checking '/home/fire/Desktop/fast_livo2_ws/install/top_pkg/bin'
[63.306s] Level 1:colcon.colcon_core.environment:checking '/home/fire/Desktop/fast_livo2_ws/install/top_pkg/lib/pkgconfig/top_pkg.pc'
[63.306s] Level 1:colcon.colcon_core.environment:checking '/home/fire/Desktop/fast_livo2_ws/install/top_pkg/lib/python3.12/site-packages'
[63.306s] Level 1:colcon.colcon_core.environment:checking '/home/fire/Desktop/fast_livo2_ws/install/top_pkg/bin'
[63.306s] INFO:colcon.colcon_core.shell:Creating package descriptor '/home/fire/Desktop/fast_livo2_ws/install/top_pkg/share/top_pkg/package.dsv'
[63.306s] INFO:colcon.colcon_core.shell:Creating package script '/home/fire/Desktop/fast_livo2_ws/install/top_pkg/share/top_pkg/package.sh'
[63.306s] INFO:colcon.colcon_core.shell:Creating package script '/home/fire/Desktop/fast_livo2_ws/install/top_pkg/share/top_pkg/package.bash'
[63.307s] INFO:colcon.colcon_core.shell:Creating package script '/home/fire/Desktop/fast_livo2_ws/install/top_pkg/share/top_pkg/package.zsh'
[63.307s] Level 1:colcon.colcon_core.environment:create_file_with_runtime_dependencies(/home/fire/Desktop/fast_livo2_ws/install/top_pkg/share/colcon-core/packages/top_pkg)
[63.307s] Level 1:colcon.colcon_core.environment:create_environment_scripts_only(top_pkg)
[63.307s] Level 1:colcon.colcon_core.environment:checking '/home/fire/Desktop/fast_livo2_ws/install/top_pkg' for CMake module files
[63.307s] Level 1:colcon.colcon_core.environment:checking '/home/fire/Desktop/fast_livo2_ws/install/top_pkg' for CMake config files
[63.307s] Level 1:colcon.colcon_core.shell:create_environment_hook('top_pkg', 'cmake_prefix_path')
[63.307s] INFO:colcon.colcon_core.shell:Creating environment descriptor '/home/fire/Desktop/fast_livo2_ws/install/top_pkg/share/top_pkg/hook/cmake_prefix_path.dsv'
[63.307s] INFO:colcon.colcon_core.shell:Creating environment hook '/home/fire/Desktop/fast_livo2_ws/install/top_pkg/share/top_pkg/hook/cmake_prefix_path.sh'
[63.308s] Level 1:colcon.colcon_core.environment:checking '/home/fire/Desktop/fast_livo2_ws/install/top_pkg/bin'
[63.308s] Level 1:colcon.colcon_core.environment:checking '/home/fire/Desktop/fast_livo2_ws/install/top_pkg/lib/pkgconfig/top_pkg.pc'
[63.308s] Level 1:colcon.colcon_core.environment:checking '/home/fire/Desktop/fast_livo2_ws/install/top_pkg/lib/python3.12/site-packages'
[63.308s] Level 1:colcon.colcon_core.environment:checking '/home/fire/Desktop/fast_livo2_ws/install/top_pkg/bin'
[63.308s] INFO:colcon.colcon_core.shell:Creating package descriptor '/home/fire/Desktop/fast_livo2_ws/install/top_pkg/share/top_pkg/package.dsv'
[63.308s] INFO:colcon.colcon_core.shell:Creating package script '/home/fire/Desktop/fast_livo2_ws/install/top_pkg/share/top_pkg/package.sh'
[63.309s] INFO:colcon.colcon_core.shell:Creating package script '/home/fire/Desktop/fast_livo2_ws/install/top_pkg/share/top_pkg/package.bash'
[63.309s] INFO:colcon.colcon_core.shell:Creating package script '/home/fire/Desktop/fast_livo2_ws/install/top_pkg/share/top_pkg/package.zsh'
[63.309s] Level 1:colcon.colcon_core.environment:create_file_with_runtime_dependencies(/home/fire/Desktop/fast_livo2_ws/install/top_pkg/share/colcon-core/packages/top_pkg)
[63.309s] DEBUG:colcon.colcon_parallel_executor.executor.parallel:closing loop
[63.309s] DEBUG:colcon.colcon_parallel_executor.executor.parallel:loop closed
[63.309s] DEBUG:colcon.colcon_parallel_executor.executor.parallel:run_until_complete finished with '0'
[63.309s] DEBUG:colcon.colcon_core.event_reactor:joining thread
[63.312s] INFO:colcon.colcon_core.plugin_system:Skipping extension 'colcon_notification.desktop_notification.terminal_notifier': Not used on non-Darwin systems
[63.312s] INFO:colcon.colcon_core.plugin_system:Skipping extension 'colcon_notification.desktop_notification.win32': Not used on non-Windows systems
[63.312s] INFO:colcon.colcon_notification.desktop_notification:Sending desktop notification using 'notify2'
[63.323s] DEBUG:colcon.colcon_core.event_reactor:joined thread
[63.324s] INFO:colcon.colcon_core.shell:Creating prefix script '/home/fire/Desktop/fast_livo2_ws/install/local_setup.sh'
[63.324s] INFO:colcon.colcon_core.shell:Creating prefix util module '/home/fire/Desktop/fast_livo2_ws/install/_local_setup_util_sh.py'
[63.325s] INFO:colcon.colcon_core.shell:Creating prefix chain script '/home/fire/Desktop/fast_livo2_ws/install/setup.sh'
[63.325s] INFO:colcon.colcon_core.shell:Creating prefix script '/home/fire/Desktop/fast_livo2_ws/install/local_setup.bash'
[63.325s] INFO:colcon.colcon_core.shell:Creating prefix chain script '/home/fire/Desktop/fast_livo2_ws/install/setup.bash'
[63.326s] INFO:colcon.colcon_core.shell:Creating prefix script '/home/fire/Desktop/fast_livo2_ws/install/local_setup.zsh'
[63.326s] INFO:colcon.colcon_core.shell:Creating prefix chain script '/home/fire/Desktop/fast_livo2_ws/install/setup.zsh'
