[0.010s] Invoking command in '/home/fire/Desktop/fast_livo2_ws/build/realsense2_camera_msgs': CMAKE_PREFIX_PATH=${CMAKE_PREFIX_PATH}:/opt/ros/jazzy DEBUGINFOD_URLS=https://debuginfod.ubuntu.com /usr/bin/cmake /home/fire/Desktop/fast_livo2_ws/src/realsense-ros/realsense2_camera_msgs -DCMAKE_INSTALL_PREFIX=/home/fire/Desktop/fast_livo2_ws/install/realsense2_camera_msgs
[0.048s] -- The C compiler identification is GNU 13.3.0
[0.080s] -- The CXX compiler identification is GNU 13.3.0
[0.092s] -- Detecting C compiler ABI info
[0.152s] -- Detecting C compiler ABI info - done
[0.158s] -- Check for working C compiler: /usr/bin/cc - skipped
[0.159s] -- Detecting C compile features
[0.159s] -- Detecting C compile features - done
[0.165s] -- Detecting CXX compiler ABI info
[0.227s] -- Detecting CXX compiler ABI info - done
[0.233s] -- Check for working CXX compiler: /usr/bin/c++ - skipped
[0.233s] -- Detecting CXX compile features
[0.233s] -- Detecting CXX compile features - done
[0.235s] -- Found ament_cmake: 2.5.5 (/opt/ros/jazzy/share/ament_cmake/cmake)
[0.358s] -- Found Python3: /usr/bin/python3 (found version "3.12.3") found components: Interpreter 
[0.479s] -- Found rosidl_default_generators: 1.6.0 (/opt/ros/jazzy/share/rosidl_default_generators/cmake)
[0.487s] -- Using all available rosidl_typesupport_c: rosidl_typesupport_fastrtps_c;rosidl_typesupport_introspection_c
[0.547s] -- Using all available rosidl_typesupport_cpp: rosidl_typesupport_fastrtps_cpp;rosidl_typesupport_introspection_cpp
[0.593s] -- Found rosidl_adapter: 4.6.7 (/opt/ros/jazzy/share/rosidl_adapter/cmake)
[0.598s] -- Found builtin_interfaces: 2.0.3 (/opt/ros/jazzy/share/builtin_interfaces/cmake)
[0.612s] -- Found std_msgs: 5.3.6 (/opt/ros/jazzy/share/std_msgs/cmake)
[0.629s] -- Found sensor_msgs: 5.3.6 (/opt/ros/jazzy/share/sensor_msgs/cmake)
[1.360s] -- Found ament_cmake_cppcheck: 0.17.4 (/opt/ros/jazzy/share/ament_cmake_cppcheck/cmake)
[1.365s] -- Found ament_cmake_cpplint: 0.17.4 (/opt/ros/jazzy/share/ament_cmake_cpplint/cmake)
[1.371s] -- Found ament_cmake_uncrustify: 0.17.4 (/opt/ros/jazzy/share/ament_cmake_uncrustify/cmake)
[1.376s] -- Found ament_cmake_ros: 0.12.0 (/opt/ros/jazzy/share/ament_cmake_ros/cmake)
[1.861s] -- Using all available rosidl_typesupport_c: rosidl_typesupport_fastrtps_c;rosidl_typesupport_introspection_c
[2.539s] -- Using all available rosidl_typesupport_cpp: rosidl_typesupport_fastrtps_cpp;rosidl_typesupport_introspection_cpp
[2.548s] -- Found python_cmake_module: 0.11.1 (/opt/ros/jazzy/share/python_cmake_module/cmake)
[2.673s] -- Found PythonExtra: /usr/bin/python3  
[3.090s] -- Found Python3: /usr/bin/python3 (found version "3.12.3") found components: Interpreter Development NumPy Development.Module Development.Embed 
[3.149s] -- Found ament_cmake_flake8: 0.17.4 (/opt/ros/jazzy/share/ament_cmake_flake8/cmake)
[3.152s] -- Found ament_cmake_pep257: 0.17.4 (/opt/ros/jazzy/share/ament_cmake_pep257/cmake)
[3.163s] -- Configuring done (3.1s)
[3.231s] -- Generating done (0.1s)
[3.242s] -- Build files have been written to: /home/fire/Desktop/fast_livo2_ws/build/realsense2_camera_msgs
[3.250s] Invoked command in '/home/fire/Desktop/fast_livo2_ws/build/realsense2_camera_msgs' returned '0': CMAKE_PREFIX_PATH=${CMAKE_PREFIX_PATH}:/opt/ros/jazzy DEBUGINFOD_URLS=https://debuginfod.ubuntu.com /usr/bin/cmake /home/fire/Desktop/fast_livo2_ws/src/realsense-ros/realsense2_camera_msgs -DCMAKE_INSTALL_PREFIX=/home/fire/Desktop/fast_livo2_ws/install/realsense2_camera_msgs
[3.251s] Invoking command in '/home/fire/Desktop/fast_livo2_ws/build/realsense2_camera_msgs': CMAKE_PREFIX_PATH=${CMAKE_PREFIX_PATH}:/opt/ros/jazzy DEBUGINFOD_URLS=https://debuginfod.ubuntu.com /usr/bin/cmake --build /home/fire/Desktop/fast_livo2_ws/build/realsense2_camera_msgs -- -j24 -l24
[3.298s] [  0%] [34m[1mGenerating type hashes for ROS interfaces[0m
[3.306s] [  0%] Built target ament_cmake_python_copy_realsense2_camera_msgs
[3.469s] running egg_info
[3.470s] creating realsense2_camera_msgs.egg-info
[3.492s] writing realsense2_camera_msgs.egg-info/PKG-INFO
[3.492s] writing dependency_links to realsense2_camera_msgs.egg-info/dependency_links.txt
[3.492s] writing top-level names to realsense2_camera_msgs.egg-info/top_level.txt
[3.492s] writing manifest file 'realsense2_camera_msgs.egg-info/SOURCES.txt'
[3.533s] reading manifest file 'realsense2_camera_msgs.egg-info/SOURCES.txt'
[3.533s] writing manifest file 'realsense2_camera_msgs.egg-info/SOURCES.txt'
[3.552s] [  0%] Built target ament_cmake_python_build_realsense2_camera_msgs_egg
[3.619s] [  0%] Built target realsense2_camera_msgs__rosidl_generator_type_description
[3.628s] [  0%] [34m[1mGenerating C code for ROS interfaces[0m
[3.637s] [  0%] [34m[1mGenerating C++ code for ROS interfaces[0m
[4.445s] [  0%] Built target realsense2_camera_msgs__cpp
[4.592s] [  0%] [32mBuilding C object CMakeFiles/realsense2_camera_msgs__rosidl_generator_c.dir/rosidl_generator_c/realsense2_camera_msgs/msg/detail/metadata__description.c.o[0m
[4.592s] [  1%] [32mBuilding C object CMakeFiles/realsense2_camera_msgs__rosidl_generator_c.dir/rosidl_generator_c/realsense2_camera_msgs/msg/detail/extrinsics__functions.c.o[0m
[4.592s] [  1%] [32mBuilding C object CMakeFiles/realsense2_camera_msgs__rosidl_generator_c.dir/rosidl_generator_c/realsense2_camera_msgs/msg/detail/extrinsics__description.c.o[0m
[4.593s] [  2%] [32mBuilding C object CMakeFiles/realsense2_camera_msgs__rosidl_generator_c.dir/rosidl_generator_c/realsense2_camera_msgs/msg/detail/imu_info__type_support.c.o[0m
[4.593s] [  3%] [32mBuilding C object CMakeFiles/realsense2_camera_msgs__rosidl_generator_c.dir/rosidl_generator_c/realsense2_camera_msgs/msg/detail/imu_info__description.c.o[0m
[4.593s] [  3%] [32mBuilding C object CMakeFiles/realsense2_camera_msgs__rosidl_generator_c.dir/rosidl_generator_c/realsense2_camera_msgs/msg/detail/imu_info__functions.c.o[0m
[4.594s] [  4%] [32mBuilding C object CMakeFiles/realsense2_camera_msgs__rosidl_generator_c.dir/rosidl_generator_c/realsense2_camera_msgs/msg/detail/rgbd__functions.c.o[0m
[4.594s] [  5%] [32mBuilding C object CMakeFiles/realsense2_camera_msgs__rosidl_generator_c.dir/rosidl_generator_c/realsense2_camera_msgs/srv/detail/device_info__description.c.o[0m
[4.594s] [  6%] [32mBuilding C object CMakeFiles/realsense2_camera_msgs__rosidl_generator_c.dir/rosidl_generator_c/realsense2_camera_msgs/msg/detail/metadata__type_support.c.o[0m
[4.594s] [  7%] [32mBuilding C object CMakeFiles/realsense2_camera_msgs__rosidl_generator_c.dir/rosidl_generator_c/realsense2_camera_msgs/msg/detail/metadata__functions.c.o[0m
[4.594s] [  6%] [32mBuilding C object CMakeFiles/realsense2_camera_msgs__rosidl_generator_c.dir/rosidl_generator_c/realsense2_camera_msgs/msg/detail/extrinsics__type_support.c.o[0m
[4.594s] [  7%] [32mBuilding C object CMakeFiles/realsense2_camera_msgs__rosidl_generator_c.dir/rosidl_generator_c/realsense2_camera_msgs/srv/detail/device_info__functions.c.o[0m
[4.594s] [  9%] [32mBuilding C object CMakeFiles/realsense2_camera_msgs__rosidl_generator_c.dir/rosidl_generator_c/realsense2_camera_msgs/srv/detail/device_info__type_support.c.o[0m
[4.595s] [  9%] [32mBuilding C object CMakeFiles/realsense2_camera_msgs__rosidl_generator_c.dir/rosidl_generator_c/realsense2_camera_msgs/srv/detail/safety_preset_read__functions.c.o[0m
[4.595s] [ 10%] [32mBuilding C object CMakeFiles/realsense2_camera_msgs__rosidl_generator_c.dir/rosidl_generator_c/realsense2_camera_msgs/msg/detail/rgbd__description.c.o[0m
[4.595s] [ 10%] [32mBuilding C object CMakeFiles/realsense2_camera_msgs__rosidl_generator_c.dir/rosidl_generator_c/realsense2_camera_msgs/srv/detail/safety_preset_read__description.c.o[0m
[4.595s] [ 10%] [32mBuilding C object CMakeFiles/realsense2_camera_msgs__rosidl_generator_c.dir/rosidl_generator_c/realsense2_camera_msgs/srv/detail/safety_preset_write__description.c.o[0m
[4.595s] [ 10%] [32mBuilding C object CMakeFiles/realsense2_camera_msgs__rosidl_generator_c.dir/rosidl_generator_c/realsense2_camera_msgs/msg/detail/rgbd__type_support.c.o[0m
[4.596s] [ 11%] [32mBuilding C object CMakeFiles/realsense2_camera_msgs__rosidl_generator_c.dir/rosidl_generator_c/realsense2_camera_msgs/srv/detail/safety_preset_read__type_support.c.o[0m
[4.599s] [ 12%] [32mBuilding C object CMakeFiles/realsense2_camera_msgs__rosidl_generator_c.dir/rosidl_generator_c/realsense2_camera_msgs/srv/detail/safety_preset_write__functions.c.o[0m
[4.599s] [ 12%] [32mBuilding C object CMakeFiles/realsense2_camera_msgs__rosidl_generator_c.dir/rosidl_generator_c/realsense2_camera_msgs/srv/detail/safety_preset_write__type_support.c.o[0m
[4.608s] [ 13%] [32mBuilding C object CMakeFiles/realsense2_camera_msgs__rosidl_generator_c.dir/rosidl_generator_c/realsense2_camera_msgs/srv/detail/safety_interface_config_read__description.c.o[0m
[4.615s] [ 13%] [32mBuilding C object CMakeFiles/realsense2_camera_msgs__rosidl_generator_c.dir/rosidl_generator_c/realsense2_camera_msgs/srv/detail/safety_interface_config_read__functions.c.o[0m
[4.618s] [ 14%] [32mBuilding C object CMakeFiles/realsense2_camera_msgs__rosidl_generator_c.dir/rosidl_generator_c/realsense2_camera_msgs/srv/detail/safety_interface_config_read__type_support.c.o[0m
[4.630s] [ 15%] [32mBuilding C object CMakeFiles/realsense2_camera_msgs__rosidl_generator_c.dir/rosidl_generator_c/realsense2_camera_msgs/srv/detail/safety_interface_config_write__description.c.o[0m
[4.639s] [ 15%] [32mBuilding C object CMakeFiles/realsense2_camera_msgs__rosidl_generator_c.dir/rosidl_generator_c/realsense2_camera_msgs/srv/detail/safety_interface_config_write__functions.c.o[0m
[4.639s] [ 16%] [32mBuilding C object CMakeFiles/realsense2_camera_msgs__rosidl_generator_c.dir/rosidl_generator_c/realsense2_camera_msgs/srv/detail/safety_interface_config_write__type_support.c.o[0m
[4.640s] [ 16%] [32mBuilding C object CMakeFiles/realsense2_camera_msgs__rosidl_generator_c.dir/rosidl_generator_c/realsense2_camera_msgs/srv/detail/calib_config_read__description.c.o[0m
[4.641s] [ 17%] [32mBuilding C object CMakeFiles/realsense2_camera_msgs__rosidl_generator_c.dir/rosidl_generator_c/realsense2_camera_msgs/srv/detail/calib_config_read__functions.c.o[0m
[4.644s] [ 17%] [32mBuilding C object CMakeFiles/realsense2_camera_msgs__rosidl_generator_c.dir/rosidl_generator_c/realsense2_camera_msgs/srv/detail/calib_config_read__type_support.c.o[0m
[4.647s] [ 18%] [32mBuilding C object CMakeFiles/realsense2_camera_msgs__rosidl_generator_c.dir/rosidl_generator_c/realsense2_camera_msgs/srv/detail/calib_config_write__description.c.o[0m
[4.653s] [ 19%] [32mBuilding C object CMakeFiles/realsense2_camera_msgs__rosidl_generator_c.dir/rosidl_generator_c/realsense2_camera_msgs/srv/detail/calib_config_write__functions.c.o[0m
[4.657s] [ 19%] [32mBuilding C object CMakeFiles/realsense2_camera_msgs__rosidl_generator_c.dir/rosidl_generator_c/realsense2_camera_msgs/srv/detail/calib_config_write__type_support.c.o[0m
[4.657s] [ 20%] [32mBuilding C object CMakeFiles/realsense2_camera_msgs__rosidl_generator_c.dir/rosidl_generator_c/realsense2_camera_msgs/srv/detail/application_config_read__description.c.o[0m
[4.658s] [ 20%] [32mBuilding C object CMakeFiles/realsense2_camera_msgs__rosidl_generator_c.dir/rosidl_generator_c/realsense2_camera_msgs/srv/detail/application_config_read__functions.c.o[0m
[4.659s] [ 21%] [32mBuilding C object CMakeFiles/realsense2_camera_msgs__rosidl_generator_c.dir/rosidl_generator_c/realsense2_camera_msgs/srv/detail/application_config_read__type_support.c.o[0m
[4.661s] [ 22%] [32mBuilding C object CMakeFiles/realsense2_camera_msgs__rosidl_generator_c.dir/rosidl_generator_c/realsense2_camera_msgs/srv/detail/application_config_write__functions.c.o[0m
[4.661s] [ 22%] [32mBuilding C object CMakeFiles/realsense2_camera_msgs__rosidl_generator_c.dir/rosidl_generator_c/realsense2_camera_msgs/srv/detail/application_config_write__description.c.o[0m
[4.662s] [ 23%] [32mBuilding C object CMakeFiles/realsense2_camera_msgs__rosidl_generator_c.dir/rosidl_generator_c/realsense2_camera_msgs/srv/detail/application_config_write__type_support.c.o[0m
[4.663s] [ 23%] [32mBuilding C object CMakeFiles/realsense2_camera_msgs__rosidl_generator_c.dir/rosidl_generator_c/realsense2_camera_msgs/srv/detail/hardware_monitor_command_send__description.c.o[0m
[4.664s] [ 24%] [32mBuilding C object CMakeFiles/realsense2_camera_msgs__rosidl_generator_c.dir/rosidl_generator_c/realsense2_camera_msgs/srv/detail/hardware_monitor_command_send__functions.c.o[0m
[4.670s] [ 25%] [32mBuilding C object CMakeFiles/realsense2_camera_msgs__rosidl_generator_c.dir/rosidl_generator_c/realsense2_camera_msgs/action/detail/triggered_calibration__description.c.o[0m
[4.671s] [ 25%] [32mBuilding C object CMakeFiles/realsense2_camera_msgs__rosidl_generator_c.dir/rosidl_generator_c/realsense2_camera_msgs/srv/detail/hardware_monitor_command_send__type_support.c.o[0m
[4.680s] [ 26%] [32mBuilding C object CMakeFiles/realsense2_camera_msgs__rosidl_generator_c.dir/rosidl_generator_c/realsense2_camera_msgs/action/detail/triggered_calibration__functions.c.o[0m
[4.683s] [ 26%] [32mBuilding C object CMakeFiles/realsense2_camera_msgs__rosidl_generator_c.dir/rosidl_generator_c/realsense2_camera_msgs/action/detail/triggered_calibration__type_support.c.o[0m
[4.801s] [ 27%] [32m[1mLinking C shared library librealsense2_camera_msgs__rosidl_generator_c.so[0m
[4.835s] [ 27%] Built target realsense2_camera_msgs__rosidl_generator_c
[4.841s] [ 29%] [34m[1mGenerating C++ type support dispatch for ROS interfaces[0m
[4.841s] [ 29%] [34m[1mGenerating C type support for eProsima Fast-RTPS[0m
[4.842s] [ 29%] [34m[1mGenerating C introspection for ROS interfaces[0m
[4.844s] [ 31%] [34m[1mGenerating C type support dispatch for ROS interfaces[0m
[4.844s] [ 31%] [34m[1mGenerating C++ introspection for ROS interfaces[0m
[4.844s] [ 31%] [34m[1mGenerating C++ type support for eProsima Fast-RTPS[0m
[5.325s] [ 31%] [32mBuilding CXX object CMakeFiles/realsense2_camera_msgs__rosidl_typesupport_c.dir/rosidl_typesupport_c/realsense2_camera_msgs/msg/extrinsics__type_support.cpp.o[0m
[5.325s] [ 32%] [32mBuilding CXX object CMakeFiles/realsense2_camera_msgs__rosidl_typesupport_c.dir/rosidl_typesupport_c/realsense2_camera_msgs/msg/rgbd__type_support.cpp.o[0m
[5.325s] [ 32%] [32mBuilding CXX object CMakeFiles/realsense2_camera_msgs__rosidl_typesupport_c.dir/rosidl_typesupport_c/realsense2_camera_msgs/msg/imu_info__type_support.cpp.o[0m
[5.325s] [ 32%] [32mBuilding CXX object CMakeFiles/realsense2_camera_msgs__rosidl_typesupport_c.dir/rosidl_typesupport_c/realsense2_camera_msgs/srv/calib_config_write__type_support.cpp.o[0m
[5.326s] [ 33%] [32mBuilding CXX object CMakeFiles/realsense2_camera_msgs__rosidl_typesupport_c.dir/rosidl_typesupport_c/realsense2_camera_msgs/srv/safety_preset_write__type_support.cpp.o[0m
[5.326s] [ 33%] [32mBuilding CXX object CMakeFiles/realsense2_camera_msgs__rosidl_typesupport_c.dir/rosidl_typesupport_c/realsense2_camera_msgs/srv/safety_preset_read__type_support.cpp.o[0m
[5.327s] [ 34%] [32mBuilding CXX object CMakeFiles/realsense2_camera_msgs__rosidl_typesupport_c.dir/rosidl_typesupport_c/realsense2_camera_msgs/srv/safety_interface_config_read__type_support.cpp.o[0m
[5.327s] [ 35%] [32mBuilding CXX object CMakeFiles/realsense2_camera_msgs__rosidl_typesupport_c.dir/rosidl_typesupport_c/realsense2_camera_msgs/msg/metadata__type_support.cpp.o[0m
[5.327s] [ 36%] [32mBuilding CXX object CMakeFiles/realsense2_camera_msgs__rosidl_typesupport_c.dir/rosidl_typesupport_c/realsense2_camera_msgs/srv/device_info__type_support.cpp.o[0m
[5.327s] [ 37%] [32mBuilding CXX object CMakeFiles/realsense2_camera_msgs__rosidl_typesupport_c.dir/rosidl_typesupport_c/realsense2_camera_msgs/srv/application_config_read__type_support.cpp.o[0m
[5.327s] [ 37%] [32mBuilding CXX object CMakeFiles/realsense2_camera_msgs__rosidl_typesupport_c.dir/rosidl_typesupport_c/realsense2_camera_msgs/srv/safety_interface_config_write__type_support.cpp.o[0m
[5.327s] [ 38%] [32mBuilding CXX object CMakeFiles/realsense2_camera_msgs__rosidl_typesupport_c.dir/rosidl_typesupport_c/realsense2_camera_msgs/srv/calib_config_read__type_support.cpp.o[0m
[5.328s] [ 39%] [32mBuilding CXX object CMakeFiles/realsense2_camera_msgs__rosidl_typesupport_c.dir/rosidl_typesupport_c/realsense2_camera_msgs/action/triggered_calibration__type_support.cpp.o[0m
[5.330s] [ 40%] [32mBuilding CXX object CMakeFiles/realsense2_camera_msgs__rosidl_typesupport_c.dir/rosidl_typesupport_c/realsense2_camera_msgs/srv/hardware_monitor_command_send__type_support.cpp.o[0m
[5.330s] [ 40%] [32mBuilding CXX object CMakeFiles/realsense2_camera_msgs__rosidl_typesupport_c.dir/rosidl_typesupport_c/realsense2_camera_msgs/srv/application_config_write__type_support.cpp.o[0m
[5.344s] [ 41%] [32mBuilding CXX object CMakeFiles/realsense2_camera_msgs__rosidl_typesupport_cpp.dir/rosidl_typesupport_cpp/realsense2_camera_msgs/msg/extrinsics__type_support.cpp.o[0m
[5.346s] [ 42%] [32mBuilding CXX object CMakeFiles/realsense2_camera_msgs__rosidl_typesupport_cpp.dir/rosidl_typesupport_cpp/realsense2_camera_msgs/msg/metadata__type_support.cpp.o[0m
[5.347s] [ 42%] [32mBuilding CXX object CMakeFiles/realsense2_camera_msgs__rosidl_typesupport_cpp.dir/rosidl_typesupport_cpp/realsense2_camera_msgs/msg/imu_info__type_support.cpp.o[0m
[5.352s] [ 43%] [32mBuilding CXX object CMakeFiles/realsense2_camera_msgs__rosidl_typesupport_cpp.dir/rosidl_typesupport_cpp/realsense2_camera_msgs/srv/device_info__type_support.cpp.o[0m
[5.355s] [ 43%] [32mBuilding CXX object CMakeFiles/realsense2_camera_msgs__rosidl_typesupport_cpp.dir/rosidl_typesupport_cpp/realsense2_camera_msgs/msg/rgbd__type_support.cpp.o[0m
[5.375s] [ 44%] [32mBuilding CXX object CMakeFiles/realsense2_camera_msgs__rosidl_typesupport_cpp.dir/rosidl_typesupport_cpp/realsense2_camera_msgs/srv/safety_preset_write__type_support.cpp.o[0m
[5.376s] [ 44%] [32mBuilding CXX object CMakeFiles/realsense2_camera_msgs__rosidl_typesupport_cpp.dir/rosidl_typesupport_cpp/realsense2_camera_msgs/srv/safety_preset_read__type_support.cpp.o[0m
[5.382s] [ 45%] [32mBuilding CXX object CMakeFiles/realsense2_camera_msgs__rosidl_typesupport_cpp.dir/rosidl_typesupport_cpp/realsense2_camera_msgs/srv/safety_interface_config_write__type_support.cpp.o[0m
[5.383s] [ 45%] [32mBuilding CXX object CMakeFiles/realsense2_camera_msgs__rosidl_typesupport_cpp.dir/rosidl_typesupport_cpp/realsense2_camera_msgs/srv/safety_interface_config_read__type_support.cpp.o[0m
[5.383s] [ 46%] [32mBuilding CXX object CMakeFiles/realsense2_camera_msgs__rosidl_typesupport_cpp.dir/rosidl_typesupport_cpp/realsense2_camera_msgs/srv/calib_config_read__type_support.cpp.o[0m
[5.383s] [ 46%] [32mBuilding CXX object CMakeFiles/realsense2_camera_msgs__rosidl_typesupport_cpp.dir/rosidl_typesupport_cpp/realsense2_camera_msgs/srv/calib_config_write__type_support.cpp.o[0m
[5.384s] [ 47%] [32mBuilding CXX object CMakeFiles/realsense2_camera_msgs__rosidl_typesupport_cpp.dir/rosidl_typesupport_cpp/realsense2_camera_msgs/srv/application_config_read__type_support.cpp.o[0m
[5.390s] [ 47%] [32mBuilding CXX object CMakeFiles/realsense2_camera_msgs__rosidl_typesupport_cpp.dir/rosidl_typesupport_cpp/realsense2_camera_msgs/srv/application_config_write__type_support.cpp.o[0m
[5.395s] [ 48%] [32mBuilding CXX object CMakeFiles/realsense2_camera_msgs__rosidl_typesupport_cpp.dir/rosidl_typesupport_cpp/realsense2_camera_msgs/srv/hardware_monitor_command_send__type_support.cpp.o[0m
[5.396s] [ 48%] [32mBuilding CXX object CMakeFiles/realsense2_camera_msgs__rosidl_typesupport_cpp.dir/rosidl_typesupport_cpp/realsense2_camera_msgs/action/triggered_calibration__type_support.cpp.o[0m
[5.425s] [ 48%] [32m[1mLinking CXX shared library librealsense2_camera_msgs__rosidl_typesupport_c.so[0m
[5.484s] [ 48%] Built target realsense2_camera_msgs__rosidl_typesupport_c
[5.771s] [ 48%] [32mBuilding C object CMakeFiles/realsense2_camera_msgs__rosidl_typesupport_introspection_c.dir/rosidl_typesupport_introspection_c/realsense2_camera_msgs/msg/detail/rgbd__type_support.c.o[0m
[5.771s] [ 49%] [32mBuilding C object CMakeFiles/realsense2_camera_msgs__rosidl_typesupport_introspection_c.dir/rosidl_typesupport_introspection_c/realsense2_camera_msgs/srv/detail/device_info__type_support.c.o[0m
[5.771s] [ 49%] [32mBuilding C object CMakeFiles/realsense2_camera_msgs__rosidl_typesupport_introspection_c.dir/rosidl_typesupport_introspection_c/realsense2_camera_msgs/srv/detail/safety_preset_write__type_support.c.o[0m
[5.771s] [ 50%] [32mBuilding C object CMakeFiles/realsense2_camera_msgs__rosidl_typesupport_introspection_c.dir/rosidl_typesupport_introspection_c/realsense2_camera_msgs/msg/detail/imu_info__type_support.c.o[0m
[5.772s] [ 51%] [32mBuilding C object CMakeFiles/realsense2_camera_msgs__rosidl_typesupport_introspection_c.dir/rosidl_typesupport_introspection_c/realsense2_camera_msgs/srv/detail/safety_preset_read__type_support.c.o[0m
[5.774s] [ 51%] [32mBuilding C object CMakeFiles/realsense2_camera_msgs__rosidl_typesupport_introspection_c.dir/rosidl_typesupport_introspection_c/realsense2_camera_msgs/msg/detail/extrinsics__type_support.c.o[0m
[5.775s] [ 52%] [32mBuilding C object CMakeFiles/realsense2_camera_msgs__rosidl_typesupport_introspection_c.dir/rosidl_typesupport_introspection_c/realsense2_camera_msgs/msg/detail/metadata__type_support.c.o[0m
[5.776s] [ 53%] [32mBuilding C object CMakeFiles/realsense2_camera_msgs__rosidl_typesupport_introspection_c.dir/rosidl_typesupport_introspection_c/realsense2_camera_msgs/srv/detail/calib_config_read__type_support.c.o[0m
[5.780s] [ 54%] [32mBuilding C object CMakeFiles/realsense2_camera_msgs__rosidl_typesupport_introspection_c.dir/rosidl_typesupport_introspection_c/realsense2_camera_msgs/srv/detail/safety_interface_config_read__type_support.c.o[0m
[5.788s] [ 54%] [32mBuilding C object CMakeFiles/realsense2_camera_msgs__rosidl_typesupport_introspection_c.dir/rosidl_typesupport_introspection_c/realsense2_camera_msgs/srv/detail/calib_config_write__type_support.c.o[0m
[5.792s] [ 54%] [32mBuilding C object CMakeFiles/realsense2_camera_msgs__rosidl_typesupport_introspection_c.dir/rosidl_typesupport_introspection_c/realsense2_camera_msgs/srv/detail/safety_interface_config_write__type_support.c.o[0m
[5.792s] [ 55%] [32mBuilding C object CMakeFiles/realsense2_camera_msgs__rosidl_typesupport_introspection_c.dir/rosidl_typesupport_introspection_c/realsense2_camera_msgs/srv/detail/application_config_read__type_support.c.o[0m
[5.816s] [ 56%] [32mBuilding C object CMakeFiles/realsense2_camera_msgs__rosidl_typesupport_introspection_c.dir/rosidl_typesupport_introspection_c/realsense2_camera_msgs/srv/detail/application_config_write__type_support.c.o[0m
[5.820s] [ 56%] [32mBuilding C object CMakeFiles/realsense2_camera_msgs__rosidl_typesupport_introspection_c.dir/rosidl_typesupport_introspection_c/realsense2_camera_msgs/srv/detail/hardware_monitor_command_send__type_support.c.o[0m
[5.828s] [ 57%] [32mBuilding C object CMakeFiles/realsense2_camera_msgs__rosidl_typesupport_introspection_c.dir/rosidl_typesupport_introspection_c/realsense2_camera_msgs/action/detail/triggered_calibration__type_support.c.o[0m
[5.892s] [ 57%] [32m[1mLinking C shared library librealsense2_camera_msgs__rosidl_typesupport_introspection_c.so[0m
[5.904s] [ 58%] [32mBuilding CXX object CMakeFiles/realsense2_camera_msgs__rosidl_typesupport_introspection_cpp.dir/rosidl_typesupport_introspection_cpp/realsense2_camera_msgs/msg/detail/metadata__type_support.cpp.o[0m
[5.904s] [ 58%] [32mBuilding CXX object CMakeFiles/realsense2_camera_msgs__rosidl_typesupport_introspection_cpp.dir/rosidl_typesupport_introspection_cpp/realsense2_camera_msgs/msg/detail/rgbd__type_support.cpp.o[0m
[5.904s] [ 60%] [32mBuilding CXX object CMakeFiles/realsense2_camera_msgs__rosidl_typesupport_introspection_cpp.dir/rosidl_typesupport_introspection_cpp/realsense2_camera_msgs/msg/detail/extrinsics__type_support.cpp.o[0m
[5.904s] [ 60%] [32mBuilding CXX object CMakeFiles/realsense2_camera_msgs__rosidl_typesupport_introspection_cpp.dir/rosidl_typesupport_introspection_cpp/realsense2_camera_msgs/srv/detail/device_info__type_support.cpp.o[0m
[5.905s] [ 60%] [32mBuilding CXX object CMakeFiles/realsense2_camera_msgs__rosidl_typesupport_introspection_cpp.dir/rosidl_typesupport_introspection_cpp/realsense2_camera_msgs/msg/detail/imu_info__type_support.cpp.o[0m
[5.905s] [ 61%] [32mBuilding CXX object CMakeFiles/realsense2_camera_msgs__rosidl_typesupport_introspection_cpp.dir/rosidl_typesupport_introspection_cpp/realsense2_camera_msgs/srv/detail/hardware_monitor_command_send__type_support.cpp.o[0m
[5.905s] [ 61%] [32mBuilding CXX object CMakeFiles/realsense2_camera_msgs__rosidl_typesupport_introspection_cpp.dir/rosidl_typesupport_introspection_cpp/realsense2_camera_msgs/srv/detail/calib_config_write__type_support.cpp.o[0m
[5.905s] [ 62%] [32mBuilding CXX object CMakeFiles/realsense2_camera_msgs__rosidl_typesupport_introspection_cpp.dir/rosidl_typesupport_introspection_cpp/realsense2_camera_msgs/srv/detail/safety_interface_config_write__type_support.cpp.o[0m
[5.905s] [ 63%] [32mBuilding CXX object CMakeFiles/realsense2_camera_msgs__rosidl_typesupport_introspection_cpp.dir/rosidl_typesupport_introspection_cpp/realsense2_camera_msgs/srv/detail/calib_config_read__type_support.cpp.o[0m
[5.906s] [ 63%] [32mBuilding CXX object CMakeFiles/realsense2_camera_msgs__rosidl_typesupport_introspection_cpp.dir/rosidl_typesupport_introspection_cpp/realsense2_camera_msgs/srv/detail/application_config_write__type_support.cpp.o[0m
[5.906s] [ 63%] [32mBuilding CXX object CMakeFiles/realsense2_camera_msgs__rosidl_typesupport_introspection_cpp.dir/rosidl_typesupport_introspection_cpp/realsense2_camera_msgs/srv/detail/safety_interface_config_read__type_support.cpp.o[0m
[5.906s] [ 63%] [32mBuilding CXX object CMakeFiles/realsense2_camera_msgs__rosidl_typesupport_introspection_cpp.dir/rosidl_typesupport_introspection_cpp/realsense2_camera_msgs/srv/detail/safety_preset_read__type_support.cpp.o[0m
[5.906s] [ 64%] [32mBuilding CXX object CMakeFiles/realsense2_camera_msgs__rosidl_typesupport_introspection_cpp.dir/rosidl_typesupport_introspection_cpp/realsense2_camera_msgs/srv/detail/safety_preset_write__type_support.cpp.o[0m
[5.907s] [ 65%] [32mBuilding CXX object CMakeFiles/realsense2_camera_msgs__rosidl_typesupport_introspection_cpp.dir/rosidl_typesupport_introspection_cpp/realsense2_camera_msgs/srv/detail/application_config_read__type_support.cpp.o[0m
[5.907s] [ 65%] [32mBuilding CXX object CMakeFiles/realsense2_camera_msgs__rosidl_typesupport_introspection_cpp.dir/rosidl_typesupport_introspection_cpp/realsense2_camera_msgs/action/detail/triggered_calibration__type_support.cpp.o[0m
[5.934s] [ 65%] Built target realsense2_camera_msgs__rosidl_typesupport_introspection_c
[6.149s] [ 66%] [32m[1mLinking CXX shared library librealsense2_camera_msgs__rosidl_typesupport_cpp.so[0m
[6.257s] [ 66%] Built target realsense2_camera_msgs__rosidl_typesupport_cpp
[6.359s] [ 66%] [32mBuilding CXX object CMakeFiles/realsense2_camera_msgs__rosidl_typesupport_fastrtps_c.dir/rosidl_typesupport_fastrtps_c/realsense2_camera_msgs/srv/detail/safety_interface_config_read__type_support_c.cpp.o[0m
[6.360s] [ 66%] [32mBuilding CXX object CMakeFiles/realsense2_camera_msgs__rosidl_typesupport_fastrtps_c.dir/rosidl_typesupport_fastrtps_c/realsense2_camera_msgs/msg/detail/metadata__type_support_c.cpp.o[0m
[6.360s] [ 67%] [32mBuilding CXX object CMakeFiles/realsense2_camera_msgs__rosidl_typesupport_fastrtps_c.dir/rosidl_typesupport_fastrtps_c/realsense2_camera_msgs/srv/detail/safety_preset_read__type_support_c.cpp.o[0m
[6.360s] [ 68%] [32mBuilding CXX object CMakeFiles/realsense2_camera_msgs__rosidl_typesupport_fastrtps_c.dir/rosidl_typesupport_fastrtps_c/realsense2_camera_msgs/srv/detail/safety_preset_write__type_support_c.cpp.o[0m
[6.360s] [ 68%] [32mBuilding CXX object CMakeFiles/realsense2_camera_msgs__rosidl_typesupport_fastrtps_c.dir/rosidl_typesupport_fastrtps_c/realsense2_camera_msgs/msg/detail/imu_info__type_support_c.cpp.o[0m
[6.360s] [ 69%] [32mBuilding CXX object CMakeFiles/realsense2_camera_msgs__rosidl_typesupport_fastrtps_c.dir/rosidl_typesupport_fastrtps_c/realsense2_camera_msgs/msg/detail/extrinsics__type_support_c.cpp.o[0m
[6.361s] [ 71%] [32mBuilding CXX object CMakeFiles/realsense2_camera_msgs__rosidl_typesupport_fastrtps_c.dir/rosidl_typesupport_fastrtps_c/realsense2_camera_msgs/srv/detail/safety_interface_config_write__type_support_c.cpp.o[0m
[6.361s] [ 71%] [32mBuilding CXX object CMakeFiles/realsense2_camera_msgs__rosidl_typesupport_fastrtps_c.dir/rosidl_typesupport_fastrtps_c/realsense2_camera_msgs/msg/detail/rgbd__type_support_c.cpp.o[0m
[6.361s] [ 71%] [32mBuilding CXX object CMakeFiles/realsense2_camera_msgs__rosidl_typesupport_fastrtps_c.dir/rosidl_typesupport_fastrtps_c/realsense2_camera_msgs/srv/detail/application_config_read__type_support_c.cpp.o[0m
[6.361s] [ 71%] [32mBuilding CXX object CMakeFiles/realsense2_camera_msgs__rosidl_typesupport_fastrtps_c.dir/rosidl_typesupport_fastrtps_c/realsense2_camera_msgs/srv/detail/device_info__type_support_c.cpp.o[0m
[6.361s] [ 72%] [32mBuilding CXX object CMakeFiles/realsense2_camera_msgs__rosidl_typesupport_fastrtps_c.dir/rosidl_typesupport_fastrtps_c/realsense2_camera_msgs/srv/detail/calib_config_write__type_support_c.cpp.o[0m
[6.361s] [ 72%] [32mBuilding CXX object CMakeFiles/realsense2_camera_msgs__rosidl_typesupport_fastrtps_c.dir/rosidl_typesupport_fastrtps_c/realsense2_camera_msgs/srv/detail/calib_config_read__type_support_c.cpp.o[0m
[6.361s] [ 73%] [32mBuilding CXX object CMakeFiles/realsense2_camera_msgs__rosidl_typesupport_fastrtps_c.dir/rosidl_typesupport_fastrtps_c/realsense2_camera_msgs/srv/detail/application_config_write__type_support_c.cpp.o[0m
[6.364s] [ 74%] [32mBuilding CXX object CMakeFiles/realsense2_camera_msgs__rosidl_typesupport_fastrtps_c.dir/rosidl_typesupport_fastrtps_c/realsense2_camera_msgs/srv/detail/hardware_monitor_command_send__type_support_c.cpp.o[0m
[6.366s] [ 74%] [32mBuilding CXX object CMakeFiles/realsense2_camera_msgs__rosidl_typesupport_fastrtps_c.dir/rosidl_typesupport_fastrtps_c/realsense2_camera_msgs/action/detail/triggered_calibration__type_support_c.cpp.o[0m
[6.644s] [ 75%] [32mBuilding CXX object CMakeFiles/realsense2_camera_msgs__rosidl_typesupport_fastrtps_cpp.dir/rosidl_typesupport_fastrtps_cpp/realsense2_camera_msgs/msg/detail/dds_fastrtps/extrinsics__type_support.cpp.o[0m
[6.644s] [ 76%] [32mBuilding CXX object CMakeFiles/realsense2_camera_msgs__rosidl_typesupport_fastrtps_cpp.dir/rosidl_typesupport_fastrtps_cpp/realsense2_camera_msgs/msg/detail/dds_fastrtps/rgbd__type_support.cpp.o[0m
[6.644s] [ 76%] [32mBuilding CXX object CMakeFiles/realsense2_camera_msgs__rosidl_typesupport_fastrtps_cpp.dir/rosidl_typesupport_fastrtps_cpp/realsense2_camera_msgs/msg/detail/dds_fastrtps/metadata__type_support.cpp.o[0m
[6.644s] [ 77%] [32mBuilding CXX object CMakeFiles/realsense2_camera_msgs__rosidl_typesupport_fastrtps_cpp.dir/rosidl_typesupport_fastrtps_cpp/realsense2_camera_msgs/srv/detail/dds_fastrtps/safety_interface_config_read__type_support.cpp.o[0m
[6.646s] [ 77%] [32mBuilding CXX object CMakeFiles/realsense2_camera_msgs__rosidl_typesupport_fastrtps_cpp.dir/rosidl_typesupport_fastrtps_cpp/realsense2_camera_msgs/srv/detail/dds_fastrtps/safety_preset_write__type_support.cpp.o[0m
[6.647s] [ 77%] [32mBuilding CXX object CMakeFiles/realsense2_camera_msgs__rosidl_typesupport_fastrtps_cpp.dir/rosidl_typesupport_fastrtps_cpp/realsense2_camera_msgs/srv/detail/dds_fastrtps/device_info__type_support.cpp.o[0m
[6.651s] [ 78%] [32mBuilding CXX object CMakeFiles/realsense2_camera_msgs__rosidl_typesupport_fastrtps_cpp.dir/rosidl_typesupport_fastrtps_cpp/realsense2_camera_msgs/msg/detail/dds_fastrtps/imu_info__type_support.cpp.o[0m
[6.653s] [ 79%] [32mBuilding CXX object CMakeFiles/realsense2_camera_msgs__rosidl_typesupport_fastrtps_cpp.dir/rosidl_typesupport_fastrtps_cpp/realsense2_camera_msgs/srv/detail/dds_fastrtps/safety_preset_read__type_support.cpp.o[0m
[6.696s] [ 80%] [32m[1mLinking CXX shared library librealsense2_camera_msgs__rosidl_typesupport_introspection_cpp.so[0m
[6.785s] [ 80%] [32mBuilding CXX object CMakeFiles/realsense2_camera_msgs__rosidl_typesupport_fastrtps_cpp.dir/rosidl_typesupport_fastrtps_cpp/realsense2_camera_msgs/srv/detail/dds_fastrtps/safety_interface_config_write__type_support.cpp.o[0m
[6.843s] [ 81%] [32mBuilding CXX object CMakeFiles/realsense2_camera_msgs__rosidl_typesupport_fastrtps_cpp.dir/rosidl_typesupport_fastrtps_cpp/realsense2_camera_msgs/srv/detail/dds_fastrtps/calib_config_read__type_support.cpp.o[0m
[6.850s] [ 82%] [32mBuilding CXX object CMakeFiles/realsense2_camera_msgs__rosidl_typesupport_fastrtps_cpp.dir/rosidl_typesupport_fastrtps_cpp/realsense2_camera_msgs/srv/detail/dds_fastrtps/calib_config_write__type_support.cpp.o[0m
[6.862s] [ 82%] Built target realsense2_camera_msgs__rosidl_typesupport_introspection_cpp
[6.871s] [ 82%] [32mBuilding CXX object CMakeFiles/realsense2_camera_msgs__rosidl_typesupport_fastrtps_cpp.dir/rosidl_typesupport_fastrtps_cpp/realsense2_camera_msgs/srv/detail/dds_fastrtps/application_config_read__type_support.cpp.o[0m
[6.873s] [ 83%] [32mBuilding CXX object CMakeFiles/realsense2_camera_msgs__rosidl_typesupport_fastrtps_cpp.dir/rosidl_typesupport_fastrtps_cpp/realsense2_camera_msgs/srv/detail/dds_fastrtps/application_config_write__type_support.cpp.o[0m
[6.895s] [ 83%] [32mBuilding CXX object CMakeFiles/realsense2_camera_msgs__rosidl_typesupport_fastrtps_cpp.dir/rosidl_typesupport_fastrtps_cpp/realsense2_camera_msgs/srv/detail/dds_fastrtps/hardware_monitor_command_send__type_support.cpp.o[0m
[6.915s] [ 84%] [32mBuilding CXX object CMakeFiles/realsense2_camera_msgs__rosidl_typesupport_fastrtps_cpp.dir/rosidl_typesupport_fastrtps_cpp/realsense2_camera_msgs/action/detail/dds_fastrtps/triggered_calibration__type_support.cpp.o[0m
[7.030s] [ 85%] [32m[1mLinking CXX shared library librealsense2_camera_msgs__rosidl_typesupport_fastrtps_c.so[0m
[7.132s] [ 85%] Built target realsense2_camera_msgs__rosidl_typesupport_fastrtps_c
[7.586s] [ 86%] [32m[1mLinking CXX shared library librealsense2_camera_msgs__rosidl_typesupport_fastrtps_cpp.so[0m
[7.652s] [ 86%] Built target realsense2_camera_msgs__rosidl_typesupport_fastrtps_cpp
[7.664s] [ 86%] Built target realsense2_camera_msgs
[7.678s] [ 87%] [34m[1mGenerating Python code for ROS interfaces[0m
[9.758s] [ 87%] Built target realsense2_camera_msgs__py
[9.777s] [ 88%] [32mBuilding C object CMakeFiles/realsense2_camera_msgs__rosidl_generator_py.dir/rosidl_generator_py/realsense2_camera_msgs/srv/_calib_config_write_s.c.o[0m
[9.777s] [ 88%] [32mBuilding C object CMakeFiles/realsense2_camera_msgs__rosidl_generator_py.dir/rosidl_generator_py/realsense2_camera_msgs/srv/_safety_preset_read_s.c.o[0m
[9.777s] [ 89%] [32mBuilding C object CMakeFiles/realsense2_camera_msgs__rosidl_generator_py.dir/rosidl_generator_py/realsense2_camera_msgs/srv/_device_info_s.c.o[0m
[9.777s] [ 90%] [32mBuilding C object CMakeFiles/realsense2_camera_msgs__rosidl_generator_py.dir/rosidl_generator_py/realsense2_camera_msgs/msg/_imu_info_s.c.o[0m
[9.777s] [ 90%] [32mBuilding C object CMakeFiles/realsense2_camera_msgs__rosidl_generator_py.dir/rosidl_generator_py/realsense2_camera_msgs/msg/_extrinsics_s.c.o[0m
[9.777s] [ 90%] [32mBuilding C object CMakeFiles/realsense2_camera_msgs__rosidl_generator_py.dir/rosidl_generator_py/realsense2_camera_msgs/msg/_metadata_s.c.o[0m
[9.777s] [ 92%] [32mBuilding C object CMakeFiles/realsense2_camera_msgs__rosidl_generator_py.dir/rosidl_generator_py/realsense2_camera_msgs/action/_triggered_calibration_s.c.o[0m
[9.778s] [ 92%] [32mBuilding C object CMakeFiles/realsense2_camera_msgs__rosidl_generator_py.dir/rosidl_generator_py/realsense2_camera_msgs/msg/_rgbd_s.c.o[0m
[9.778s] [ 92%] [32mBuilding C object CMakeFiles/realsense2_camera_msgs__rosidl_generator_py.dir/rosidl_generator_py/realsense2_camera_msgs/srv/_safety_interface_config_write_s.c.o[0m
[9.778s] [ 93%] [32mBuilding C object CMakeFiles/realsense2_camera_msgs__rosidl_generator_py.dir/rosidl_generator_py/realsense2_camera_msgs/srv/_safety_preset_write_s.c.o[0m
[9.778s] [ 93%] [32mBuilding C object CMakeFiles/realsense2_camera_msgs__rosidl_generator_py.dir/rosidl_generator_py/realsense2_camera_msgs/srv/_calib_config_read_s.c.o[0m
[9.778s] [ 93%] [32mBuilding C object CMakeFiles/realsense2_camera_msgs__rosidl_generator_py.dir/rosidl_generator_py/realsense2_camera_msgs/srv/_safety_interface_config_read_s.c.o[0m
[9.778s] [ 94%] [32mBuilding C object CMakeFiles/realsense2_camera_msgs__rosidl_generator_py.dir/rosidl_generator_py/realsense2_camera_msgs/srv/_hardware_monitor_command_send_s.c.o[0m
[9.778s] [ 95%] [32mBuilding C object CMakeFiles/realsense2_camera_msgs__rosidl_generator_py.dir/rosidl_generator_py/realsense2_camera_msgs/srv/_application_config_read_s.c.o[0m
[9.779s] [ 95%] [32mBuilding C object CMakeFiles/realsense2_camera_msgs__rosidl_generator_py.dir/rosidl_generator_py/realsense2_camera_msgs/srv/_application_config_write_s.c.o[0m
[9.955s] [ 96%] [32m[1mLinking C shared library librealsense2_camera_msgs__rosidl_generator_py.so[0m
[9.991s] [ 96%] Built target realsense2_camera_msgs__rosidl_generator_py
[10.006s] [ 97%] [32mBuilding C object CMakeFiles/realsense2_camera_msgs_s__rosidl_typesupport_c.dir/rosidl_generator_py/realsense2_camera_msgs/_realsense2_camera_msgs_s.ep.rosidl_typesupport_c.c.o[0m
[10.006s] [ 99%] [32mBuilding C object CMakeFiles/realsense2_camera_msgs_s__rosidl_typesupport_introspection_c.dir/rosidl_generator_py/realsense2_camera_msgs/_realsense2_camera_msgs_s.ep.rosidl_typesupport_introspection_c.c.o[0m
[10.006s] [ 99%] [32mBuilding C object CMakeFiles/realsense2_camera_msgs_s__rosidl_typesupport_fastrtps_c.dir/rosidl_generator_py/realsense2_camera_msgs/_realsense2_camera_msgs_s.ep.rosidl_typesupport_fastrtps_c.c.o[0m
[10.155s] [ 99%] [32m[1mLinking C shared module rosidl_generator_py/realsense2_camera_msgs/realsense2_camera_msgs_s__rosidl_typesupport_fastrtps_c.so[0m
[10.155s] [100%] [32m[1mLinking C shared module rosidl_generator_py/realsense2_camera_msgs/realsense2_camera_msgs_s__rosidl_typesupport_introspection_c.so[0m
[10.155s] [100%] [32m[1mLinking C shared module rosidl_generator_py/realsense2_camera_msgs/realsense2_camera_msgs_s__rosidl_typesupport_c.so[0m
[10.186s] [100%] Built target realsense2_camera_msgs_s__rosidl_typesupport_c
[10.187s] [100%] Built target realsense2_camera_msgs_s__rosidl_typesupport_fastrtps_c
[10.187s] [100%] Built target realsense2_camera_msgs_s__rosidl_typesupport_introspection_c
[10.195s] Invoked command in '/home/fire/Desktop/fast_livo2_ws/build/realsense2_camera_msgs' returned '0': CMAKE_PREFIX_PATH=${CMAKE_PREFIX_PATH}:/opt/ros/jazzy DEBUGINFOD_URLS=https://debuginfod.ubuntu.com /usr/bin/cmake --build /home/fire/Desktop/fast_livo2_ws/build/realsense2_camera_msgs -- -j24 -l24
[10.196s] Invoking command in '/home/fire/Desktop/fast_livo2_ws/build/realsense2_camera_msgs': CMAKE_PREFIX_PATH=${CMAKE_PREFIX_PATH}:/opt/ros/jazzy DEBUGINFOD_URLS=https://debuginfod.ubuntu.com /usr/bin/cmake --install /home/fire/Desktop/fast_livo2_ws/build/realsense2_camera_msgs
[10.204s] -- Install configuration: ""
[10.204s] -- Installing: /home/fire/Desktop/fast_livo2_ws/install/realsense2_camera_msgs/share/ament_index/resource_index/rosidl_interfaces/realsense2_camera_msgs
[10.204s] -- Installing: /home/fire/Desktop/fast_livo2_ws/install/realsense2_camera_msgs/share/realsense2_camera_msgs/msg/IMUInfo.json
[10.204s] -- Installing: /home/fire/Desktop/fast_livo2_ws/install/realsense2_camera_msgs/share/realsense2_camera_msgs/msg/Extrinsics.json
[10.204s] -- Installing: /home/fire/Desktop/fast_livo2_ws/install/realsense2_camera_msgs/share/realsense2_camera_msgs/msg/Metadata.json
[10.204s] -- Installing: /home/fire/Desktop/fast_livo2_ws/install/realsense2_camera_msgs/share/realsense2_camera_msgs/msg/RGBD.json
[10.204s] -- Installing: /home/fire/Desktop/fast_livo2_ws/install/realsense2_camera_msgs/share/realsense2_camera_msgs/srv/DeviceInfo.json
[10.204s] -- Installing: /home/fire/Desktop/fast_livo2_ws/install/realsense2_camera_msgs/share/realsense2_camera_msgs/srv/SafetyPresetRead.json
[10.204s] -- Installing: /home/fire/Desktop/fast_livo2_ws/install/realsense2_camera_msgs/share/realsense2_camera_msgs/srv/SafetyPresetWrite.json
[10.204s] -- Installing: /home/fire/Desktop/fast_livo2_ws/install/realsense2_camera_msgs/share/realsense2_camera_msgs/srv/SafetyInterfaceConfigRead.json
[10.204s] -- Installing: /home/fire/Desktop/fast_livo2_ws/install/realsense2_camera_msgs/share/realsense2_camera_msgs/srv/SafetyInterfaceConfigWrite.json
[10.204s] -- Installing: /home/fire/Desktop/fast_livo2_ws/install/realsense2_camera_msgs/share/realsense2_camera_msgs/srv/CalibConfigRead.json
[10.204s] -- Installing: /home/fire/Desktop/fast_livo2_ws/install/realsense2_camera_msgs/share/realsense2_camera_msgs/srv/CalibConfigWrite.json
[10.204s] -- Installing: /home/fire/Desktop/fast_livo2_ws/install/realsense2_camera_msgs/share/realsense2_camera_msgs/srv/ApplicationConfigRead.json
[10.205s] -- Installing: /home/fire/Desktop/fast_livo2_ws/install/realsense2_camera_msgs/share/realsense2_camera_msgs/srv/ApplicationConfigWrite.json
[10.205s] -- Installing: /home/fire/Desktop/fast_livo2_ws/install/realsense2_camera_msgs/share/realsense2_camera_msgs/srv/HardwareMonitorCommandSend.json
[10.205s] -- Installing: /home/fire/Desktop/fast_livo2_ws/install/realsense2_camera_msgs/share/realsense2_camera_msgs/action/TriggeredCalibration.json
[10.205s] -- Installing: /home/fire/Desktop/fast_livo2_ws/install/realsense2_camera_msgs/include/realsense2_camera_msgs/realsense2_camera_msgs
[10.205s] -- Installing: /home/fire/Desktop/fast_livo2_ws/install/realsense2_camera_msgs/include/realsense2_camera_msgs/realsense2_camera_msgs/msg
[10.205s] -- Installing: /home/fire/Desktop/fast_livo2_ws/install/realsense2_camera_msgs/include/realsense2_camera_msgs/realsense2_camera_msgs/msg/rgbd.h
[10.205s] -- Installing: /home/fire/Desktop/fast_livo2_ws/install/realsense2_camera_msgs/include/realsense2_camera_msgs/realsense2_camera_msgs/msg/metadata.h
[10.205s] -- Installing: /home/fire/Desktop/fast_livo2_ws/install/realsense2_camera_msgs/include/realsense2_camera_msgs/realsense2_camera_msgs/msg/imu_info.h
[10.205s] -- Installing: /home/fire/Desktop/fast_livo2_ws/install/realsense2_camera_msgs/include/realsense2_camera_msgs/realsense2_camera_msgs/msg/extrinsics.h
[10.205s] -- Installing: /home/fire/Desktop/fast_livo2_ws/install/realsense2_camera_msgs/include/realsense2_camera_msgs/realsense2_camera_msgs/msg/rosidl_generator_c__visibility_control.h
[10.205s] -- Installing: /home/fire/Desktop/fast_livo2_ws/install/realsense2_camera_msgs/include/realsense2_camera_msgs/realsense2_camera_msgs/msg/detail
[10.205s] -- Installing: /home/fire/Desktop/fast_livo2_ws/install/realsense2_camera_msgs/include/realsense2_camera_msgs/realsense2_camera_msgs/msg/detail/metadata__functions.c
[10.205s] -- Installing: /home/fire/Desktop/fast_livo2_ws/install/realsense2_camera_msgs/include/realsense2_camera_msgs/realsense2_camera_msgs/msg/detail/imu_info__type_support.c
[10.205s] -- Installing: /home/fire/Desktop/fast_livo2_ws/install/realsense2_camera_msgs/include/realsense2_camera_msgs/realsense2_camera_msgs/msg/detail/extrinsics__type_support.h
[10.205s] -- Installing: /home/fire/Desktop/fast_livo2_ws/install/realsense2_camera_msgs/include/realsense2_camera_msgs/realsense2_camera_msgs/msg/detail/imu_info__struct.h
[10.205s] -- Installing: /home/fire/Desktop/fast_livo2_ws/install/realsense2_camera_msgs/include/realsense2_camera_msgs/realsense2_camera_msgs/msg/detail/rgbd__functions.h
[10.205s] -- Installing: /home/fire/Desktop/fast_livo2_ws/install/realsense2_camera_msgs/include/realsense2_camera_msgs/realsense2_camera_msgs/msg/detail/extrinsics__type_support.c
[10.205s] -- Installing: /home/fire/Desktop/fast_livo2_ws/install/realsense2_camera_msgs/include/realsense2_camera_msgs/realsense2_camera_msgs/msg/detail/rgbd__type_support.h
[10.205s] -- Installing: /home/fire/Desktop/fast_livo2_ws/install/realsense2_camera_msgs/include/realsense2_camera_msgs/realsense2_camera_msgs/msg/detail/metadata__struct.h
[10.206s] -- Installing: /home/fire/Desktop/fast_livo2_ws/install/realsense2_camera_msgs/include/realsense2_camera_msgs/realsense2_camera_msgs/msg/detail/metadata__type_support.c
[10.206s] -- Installing: /home/fire/Desktop/fast_livo2_ws/install/realsense2_camera_msgs/include/realsense2_camera_msgs/realsense2_camera_msgs/msg/detail/imu_info__type_support.h
[10.206s] -- Installing: /home/fire/Desktop/fast_livo2_ws/install/realsense2_camera_msgs/include/realsense2_camera_msgs/realsense2_camera_msgs/msg/detail/rgbd__type_support.c
[10.206s] -- Installing: /home/fire/Desktop/fast_livo2_ws/install/realsense2_camera_msgs/include/realsense2_camera_msgs/realsense2_camera_msgs/msg/detail/rgbd__functions.c
[10.206s] -- Installing: /home/fire/Desktop/fast_livo2_ws/install/realsense2_camera_msgs/include/realsense2_camera_msgs/realsense2_camera_msgs/msg/detail/rgbd__description.c
[10.206s] -- Installing: /home/fire/Desktop/fast_livo2_ws/install/realsense2_camera_msgs/include/realsense2_camera_msgs/realsense2_camera_msgs/msg/detail/rgbd__struct.h
[10.206s] -- Installing: /home/fire/Desktop/fast_livo2_ws/install/realsense2_camera_msgs/include/realsense2_camera_msgs/realsense2_camera_msgs/msg/detail/metadata__type_support.h
[10.206s] -- Installing: /home/fire/Desktop/fast_livo2_ws/install/realsense2_camera_msgs/include/realsense2_camera_msgs/realsense2_camera_msgs/msg/detail/imu_info__functions.c
[10.206s] -- Installing: /home/fire/Desktop/fast_livo2_ws/install/realsense2_camera_msgs/include/realsense2_camera_msgs/realsense2_camera_msgs/msg/detail/metadata__functions.h
[10.206s] -- Installing: /home/fire/Desktop/fast_livo2_ws/install/realsense2_camera_msgs/include/realsense2_camera_msgs/realsense2_camera_msgs/msg/detail/imu_info__description.c
[10.206s] -- Installing: /home/fire/Desktop/fast_livo2_ws/install/realsense2_camera_msgs/include/realsense2_camera_msgs/realsense2_camera_msgs/msg/detail/imu_info__functions.h
[10.206s] -- Installing: /home/fire/Desktop/fast_livo2_ws/install/realsense2_camera_msgs/include/realsense2_camera_msgs/realsense2_camera_msgs/msg/detail/metadata__description.c
[10.206s] -- Installing: /home/fire/Desktop/fast_livo2_ws/install/realsense2_camera_msgs/include/realsense2_camera_msgs/realsense2_camera_msgs/msg/detail/extrinsics__struct.h
[10.206s] -- Installing: /home/fire/Desktop/fast_livo2_ws/install/realsense2_camera_msgs/include/realsense2_camera_msgs/realsense2_camera_msgs/msg/detail/extrinsics__functions.h
[10.206s] -- Installing: /home/fire/Desktop/fast_livo2_ws/install/realsense2_camera_msgs/include/realsense2_camera_msgs/realsense2_camera_msgs/msg/detail/extrinsics__functions.c
[10.206s] -- Installing: /home/fire/Desktop/fast_livo2_ws/install/realsense2_camera_msgs/include/realsense2_camera_msgs/realsense2_camera_msgs/msg/detail/extrinsics__description.c
[10.206s] -- Installing: /home/fire/Desktop/fast_livo2_ws/install/realsense2_camera_msgs/include/realsense2_camera_msgs/realsense2_camera_msgs/action
[10.206s] -- Installing: /home/fire/Desktop/fast_livo2_ws/install/realsense2_camera_msgs/include/realsense2_camera_msgs/realsense2_camera_msgs/action/triggered_calibration.h
[10.206s] -- Installing: /home/fire/Desktop/fast_livo2_ws/install/realsense2_camera_msgs/include/realsense2_camera_msgs/realsense2_camera_msgs/action/detail
[10.206s] -- Installing: /home/fire/Desktop/fast_livo2_ws/install/realsense2_camera_msgs/include/realsense2_camera_msgs/realsense2_camera_msgs/action/detail/triggered_calibration__type_support.c
[10.206s] -- Installing: /home/fire/Desktop/fast_livo2_ws/install/realsense2_camera_msgs/include/realsense2_camera_msgs/realsense2_camera_msgs/action/detail/triggered_calibration__type_support.h
[10.206s] -- Installing: /home/fire/Desktop/fast_livo2_ws/install/realsense2_camera_msgs/include/realsense2_camera_msgs/realsense2_camera_msgs/action/detail/triggered_calibration__description.c
[10.206s] -- Installing: /home/fire/Desktop/fast_livo2_ws/install/realsense2_camera_msgs/include/realsense2_camera_msgs/realsense2_camera_msgs/action/detail/triggered_calibration__functions.h
[10.207s] -- Installing: /home/fire/Desktop/fast_livo2_ws/install/realsense2_camera_msgs/include/realsense2_camera_msgs/realsense2_camera_msgs/action/detail/triggered_calibration__struct.h
[10.207s] -- Installing: /home/fire/Desktop/fast_livo2_ws/install/realsense2_camera_msgs/include/realsense2_camera_msgs/realsense2_camera_msgs/action/detail/triggered_calibration__functions.c
[10.207s] -- Installing: /home/fire/Desktop/fast_livo2_ws/install/realsense2_camera_msgs/include/realsense2_camera_msgs/realsense2_camera_msgs/srv
[10.207s] -- Installing: /home/fire/Desktop/fast_livo2_ws/install/realsense2_camera_msgs/include/realsense2_camera_msgs/realsense2_camera_msgs/srv/safety_interface_config_read.h
[10.207s] -- Installing: /home/fire/Desktop/fast_livo2_ws/install/realsense2_camera_msgs/include/realsense2_camera_msgs/realsense2_camera_msgs/srv/calib_config_read.h
[10.207s] -- Installing: /home/fire/Desktop/fast_livo2_ws/install/realsense2_camera_msgs/include/realsense2_camera_msgs/realsense2_camera_msgs/srv/safety_preset_read.h
[10.207s] -- Installing: /home/fire/Desktop/fast_livo2_ws/install/realsense2_camera_msgs/include/realsense2_camera_msgs/realsense2_camera_msgs/srv/application_config_read.h
[10.207s] -- Installing: /home/fire/Desktop/fast_livo2_ws/install/realsense2_camera_msgs/include/realsense2_camera_msgs/realsense2_camera_msgs/srv/application_config_write.h
[10.207s] -- Installing: /home/fire/Desktop/fast_livo2_ws/install/realsense2_camera_msgs/include/realsense2_camera_msgs/realsense2_camera_msgs/srv/safety_preset_write.h
[10.207s] -- Installing: /home/fire/Desktop/fast_livo2_ws/install/realsense2_camera_msgs/include/realsense2_camera_msgs/realsense2_camera_msgs/srv/device_info.h
[10.207s] -- Installing: /home/fire/Desktop/fast_livo2_ws/install/realsense2_camera_msgs/include/realsense2_camera_msgs/realsense2_camera_msgs/srv/hardware_monitor_command_send.h
[10.207s] -- Installing: /home/fire/Desktop/fast_livo2_ws/install/realsense2_camera_msgs/include/realsense2_camera_msgs/realsense2_camera_msgs/srv/detail
[10.207s] -- Installing: /home/fire/Desktop/fast_livo2_ws/install/realsense2_camera_msgs/include/realsense2_camera_msgs/realsense2_camera_msgs/srv/detail/application_config_read__description.c
[10.207s] -- Installing: /home/fire/Desktop/fast_livo2_ws/install/realsense2_camera_msgs/include/realsense2_camera_msgs/realsense2_camera_msgs/srv/detail/safety_preset_write__type_support.c
[10.207s] -- Installing: /home/fire/Desktop/fast_livo2_ws/install/realsense2_camera_msgs/include/realsense2_camera_msgs/realsense2_camera_msgs/srv/detail/application_config_read__functions.h
[10.207s] -- Installing: /home/fire/Desktop/fast_livo2_ws/install/realsense2_camera_msgs/include/realsense2_camera_msgs/realsense2_camera_msgs/srv/detail/safety_interface_config_write__struct.h
[10.207s] -- Installing: /home/fire/Desktop/fast_livo2_ws/install/realsense2_camera_msgs/include/realsense2_camera_msgs/realsense2_camera_msgs/srv/detail/safety_preset_write__struct.h
[10.207s] -- Installing: /home/fire/Desktop/fast_livo2_ws/install/realsense2_camera_msgs/include/realsense2_camera_msgs/realsense2_camera_msgs/srv/detail/device_info__type_support.h
[10.207s] -- Installing: /home/fire/Desktop/fast_livo2_ws/install/realsense2_camera_msgs/include/realsense2_camera_msgs/realsense2_camera_msgs/srv/detail/application_config_write__struct.h
[10.207s] -- Installing: /home/fire/Desktop/fast_livo2_ws/install/realsense2_camera_msgs/include/realsense2_camera_msgs/realsense2_camera_msgs/srv/detail/safety_interface_config_read__type_support.c
[10.207s] -- Installing: /home/fire/Desktop/fast_livo2_ws/install/realsense2_camera_msgs/include/realsense2_camera_msgs/realsense2_camera_msgs/srv/detail/device_info__description.c
[10.207s] -- Installing: /home/fire/Desktop/fast_livo2_ws/install/realsense2_camera_msgs/include/realsense2_camera_msgs/realsense2_camera_msgs/srv/detail/safety_interface_config_write__functions.c
[10.207s] -- Installing: /home/fire/Desktop/fast_livo2_ws/install/realsense2_camera_msgs/include/realsense2_camera_msgs/realsense2_camera_msgs/srv/detail/safety_preset_read__type_support.h
[10.207s] -- Installing: /home/fire/Desktop/fast_livo2_ws/install/realsense2_camera_msgs/include/realsense2_camera_msgs/realsense2_camera_msgs/srv/detail/calib_config_read__functions.c
[10.207s] -- Installing: /home/fire/Desktop/fast_livo2_ws/install/realsense2_camera_msgs/include/realsense2_camera_msgs/realsense2_camera_msgs/srv/detail/safety_preset_read__description.c
[10.207s] -- Installing: /home/fire/Desktop/fast_livo2_ws/install/realsense2_camera_msgs/include/realsense2_camera_msgs/realsense2_camera_msgs/srv/detail/hardware_monitor_command_send__functions.c
[10.208s] -- Installing: /home/fire/Desktop/fast_livo2_ws/install/realsense2_camera_msgs/include/realsense2_camera_msgs/realsense2_camera_msgs/srv/detail/hardware_monitor_command_send__struct.h
[10.208s] -- Installing: /home/fire/Desktop/fast_livo2_ws/install/realsense2_camera_msgs/include/realsense2_camera_msgs/realsense2_camera_msgs/srv/detail/safety_preset_write__functions.c
[10.208s] -- Installing: /home/fire/Desktop/fast_livo2_ws/install/realsense2_camera_msgs/include/realsense2_camera_msgs/realsense2_camera_msgs/srv/detail/calib_config_read__description.c
[10.208s] -- Installing: /home/fire/Desktop/fast_livo2_ws/install/realsense2_camera_msgs/include/realsense2_camera_msgs/realsense2_camera_msgs/srv/detail/calib_config_write__struct.h
[10.208s] -- Installing: /home/fire/Desktop/fast_livo2_ws/install/realsense2_camera_msgs/include/realsense2_camera_msgs/realsense2_camera_msgs/srv/detail/application_config_write__type_support.h
[10.208s] -- Installing: /home/fire/Desktop/fast_livo2_ws/install/realsense2_camera_msgs/include/realsense2_camera_msgs/realsense2_camera_msgs/srv/detail/safety_preset_read__struct.h
[10.208s] -- Installing: /home/fire/Desktop/fast_livo2_ws/install/realsense2_camera_msgs/include/realsense2_camera_msgs/realsense2_camera_msgs/srv/detail/application_config_write__functions.h
[10.208s] -- Installing: /home/fire/Desktop/fast_livo2_ws/install/realsense2_camera_msgs/include/realsense2_camera_msgs/realsense2_camera_msgs/srv/detail/application_config_write__type_support.c
[10.208s] -- Installing: /home/fire/Desktop/fast_livo2_ws/install/realsense2_camera_msgs/include/realsense2_camera_msgs/realsense2_camera_msgs/srv/detail/application_config_read__type_support.h
[10.208s] -- Installing: /home/fire/Desktop/fast_livo2_ws/install/realsense2_camera_msgs/include/realsense2_camera_msgs/realsense2_camera_msgs/srv/detail/device_info__type_support.c
[10.208s] -- Installing: /home/fire/Desktop/fast_livo2_ws/install/realsense2_camera_msgs/include/realsense2_camera_msgs/realsense2_camera_msgs/srv/detail/safety_interface_config_write__description.c
[10.208s] -- Installing: /home/fire/Desktop/fast_livo2_ws/install/realsense2_camera_msgs/include/realsense2_camera_msgs/realsense2_camera_msgs/srv/detail/safety_interface_config_read__description.c
[10.208s] -- Installing: /home/fire/Desktop/fast_livo2_ws/install/realsense2_camera_msgs/include/realsense2_camera_msgs/realsense2_camera_msgs/srv/detail/calib_config_write__functions.h
[10.208s] -- Installing: /home/fire/Desktop/fast_livo2_ws/install/realsense2_camera_msgs/include/realsense2_camera_msgs/realsense2_camera_msgs/srv/detail/application_config_write__functions.c
[10.208s] -- Installing: /home/fire/Desktop/fast_livo2_ws/install/realsense2_camera_msgs/include/realsense2_camera_msgs/realsense2_camera_msgs/srv/detail/safety_preset_read__functions.c
[10.208s] -- Installing: /home/fire/Desktop/fast_livo2_ws/install/realsense2_camera_msgs/include/realsense2_camera_msgs/realsense2_camera_msgs/srv/detail/calib_config_read__struct.h
[10.208s] -- Installing: /home/fire/Desktop/fast_livo2_ws/install/realsense2_camera_msgs/include/realsense2_camera_msgs/realsense2_camera_msgs/srv/detail/calib_config_read__type_support.h
[10.208s] -- Installing: /home/fire/Desktop/fast_livo2_ws/install/realsense2_camera_msgs/include/realsense2_camera_msgs/realsense2_camera_msgs/srv/detail/application_config_read__struct.h
[10.208s] -- Installing: /home/fire/Desktop/fast_livo2_ws/install/realsense2_camera_msgs/include/realsense2_camera_msgs/realsense2_camera_msgs/srv/detail/calib_config_write__description.c
[10.208s] -- Installing: /home/fire/Desktop/fast_livo2_ws/install/realsense2_camera_msgs/include/realsense2_camera_msgs/realsense2_camera_msgs/srv/detail/safety_interface_config_read__functions.c
[10.208s] -- Installing: /home/fire/Desktop/fast_livo2_ws/install/realsense2_camera_msgs/include/realsense2_camera_msgs/realsense2_camera_msgs/srv/detail/calib_config_read__functions.h
[10.208s] -- Installing: /home/fire/Desktop/fast_livo2_ws/install/realsense2_camera_msgs/include/realsense2_camera_msgs/realsense2_camera_msgs/srv/detail/calib_config_write__type_support.c
[10.208s] -- Installing: /home/fire/Desktop/fast_livo2_ws/install/realsense2_camera_msgs/include/realsense2_camera_msgs/realsense2_camera_msgs/srv/detail/hardware_monitor_command_send__type_support.h
[10.208s] -- Installing: /home/fire/Desktop/fast_livo2_ws/install/realsense2_camera_msgs/include/realsense2_camera_msgs/realsense2_camera_msgs/srv/detail/safety_preset_write__functions.h
[10.208s] -- Installing: /home/fire/Desktop/fast_livo2_ws/install/realsense2_camera_msgs/include/realsense2_camera_msgs/realsense2_camera_msgs/srv/detail/hardware_monitor_command_send__description.c
[10.208s] -- Installing: /home/fire/Desktop/fast_livo2_ws/install/realsense2_camera_msgs/include/realsense2_camera_msgs/realsense2_camera_msgs/srv/detail/safety_interface_config_write__type_support.c
[10.209s] -- Installing: /home/fire/Desktop/fast_livo2_ws/install/realsense2_camera_msgs/include/realsense2_camera_msgs/realsense2_camera_msgs/srv/detail/device_info__functions.c
[10.209s] -- Installing: /home/fire/Desktop/fast_livo2_ws/install/realsense2_camera_msgs/include/realsense2_camera_msgs/realsense2_camera_msgs/srv/detail/safety_interface_config_read__type_support.h
[10.209s] -- Installing: /home/fire/Desktop/fast_livo2_ws/install/realsense2_camera_msgs/include/realsense2_camera_msgs/realsense2_camera_msgs/srv/detail/safety_interface_config_write__functions.h
[10.209s] -- Installing: /home/fire/Desktop/fast_livo2_ws/install/realsense2_camera_msgs/include/realsense2_camera_msgs/realsense2_camera_msgs/srv/detail/safety_preset_read__type_support.c
[10.209s] -- Installing: /home/fire/Desktop/fast_livo2_ws/install/realsense2_camera_msgs/include/realsense2_camera_msgs/realsense2_camera_msgs/srv/detail/safety_interface_config_read__struct.h
[10.209s] -- Installing: /home/fire/Desktop/fast_livo2_ws/install/realsense2_camera_msgs/include/realsense2_camera_msgs/realsense2_camera_msgs/srv/detail/safety_interface_config_read__functions.h
[10.209s] -- Installing: /home/fire/Desktop/fast_livo2_ws/install/realsense2_camera_msgs/include/realsense2_camera_msgs/realsense2_camera_msgs/srv/detail/application_config_write__description.c
[10.209s] -- Installing: /home/fire/Desktop/fast_livo2_ws/install/realsense2_camera_msgs/include/realsense2_camera_msgs/realsense2_camera_msgs/srv/detail/hardware_monitor_command_send__functions.h
[10.209s] -- Installing: /home/fire/Desktop/fast_livo2_ws/install/realsense2_camera_msgs/include/realsense2_camera_msgs/realsense2_camera_msgs/srv/detail/safety_preset_write__type_support.h
[10.209s] -- Installing: /home/fire/Desktop/fast_livo2_ws/install/realsense2_camera_msgs/include/realsense2_camera_msgs/realsense2_camera_msgs/srv/detail/calib_config_write__type_support.h
[10.209s] -- Installing: /home/fire/Desktop/fast_livo2_ws/install/realsense2_camera_msgs/include/realsense2_camera_msgs/realsense2_camera_msgs/srv/detail/safety_preset_read__functions.h
[10.209s] -- Installing: /home/fire/Desktop/fast_livo2_ws/install/realsense2_camera_msgs/include/realsense2_camera_msgs/realsense2_camera_msgs/srv/detail/calib_config_read__type_support.c
[10.209s] -- Installing: /home/fire/Desktop/fast_livo2_ws/install/realsense2_camera_msgs/include/realsense2_camera_msgs/realsense2_camera_msgs/srv/detail/hardware_monitor_command_send__type_support.c
[10.209s] -- Installing: /home/fire/Desktop/fast_livo2_ws/install/realsense2_camera_msgs/include/realsense2_camera_msgs/realsense2_camera_msgs/srv/detail/application_config_read__type_support.c
[10.209s] -- Installing: /home/fire/Desktop/fast_livo2_ws/install/realsense2_camera_msgs/include/realsense2_camera_msgs/realsense2_camera_msgs/srv/detail/safety_interface_config_write__type_support.h
[10.209s] -- Installing: /home/fire/Desktop/fast_livo2_ws/install/realsense2_camera_msgs/include/realsense2_camera_msgs/realsense2_camera_msgs/srv/detail/safety_preset_write__description.c
[10.209s] -- Installing: /home/fire/Desktop/fast_livo2_ws/install/realsense2_camera_msgs/include/realsense2_camera_msgs/realsense2_camera_msgs/srv/detail/calib_config_write__functions.c
[10.209s] -- Installing: /home/fire/Desktop/fast_livo2_ws/install/realsense2_camera_msgs/include/realsense2_camera_msgs/realsense2_camera_msgs/srv/detail/device_info__functions.h
[10.209s] -- Installing: /home/fire/Desktop/fast_livo2_ws/install/realsense2_camera_msgs/include/realsense2_camera_msgs/realsense2_camera_msgs/srv/detail/device_info__struct.h
[10.209s] -- Installing: /home/fire/Desktop/fast_livo2_ws/install/realsense2_camera_msgs/include/realsense2_camera_msgs/realsense2_camera_msgs/srv/detail/application_config_read__functions.c
[10.209s] -- Installing: /home/fire/Desktop/fast_livo2_ws/install/realsense2_camera_msgs/include/realsense2_camera_msgs/realsense2_camera_msgs/srv/safety_interface_config_write.h
[10.209s] -- Installing: /home/fire/Desktop/fast_livo2_ws/install/realsense2_camera_msgs/include/realsense2_camera_msgs/realsense2_camera_msgs/srv/calib_config_write.h
[10.209s] -- Installing: /home/fire/Desktop/fast_livo2_ws/install/realsense2_camera_msgs/share/realsense2_camera_msgs/environment/library_path.sh
[10.209s] -- Installing: /home/fire/Desktop/fast_livo2_ws/install/realsense2_camera_msgs/share/realsense2_camera_msgs/environment/library_path.dsv
[10.210s] -- Installing: /home/fire/Desktop/fast_livo2_ws/install/realsense2_camera_msgs/lib/librealsense2_camera_msgs__rosidl_generator_c.so
[10.210s] -- Set non-toolchain portion of runtime path of "/home/fire/Desktop/fast_livo2_ws/install/realsense2_camera_msgs/lib/librealsense2_camera_msgs__rosidl_generator_c.so" to ""
[10.210s] -- Up-to-date: /home/fire/Desktop/fast_livo2_ws/install/realsense2_camera_msgs/include/realsense2_camera_msgs/realsense2_camera_msgs
[10.210s] -- Up-to-date: /home/fire/Desktop/fast_livo2_ws/install/realsense2_camera_msgs/include/realsense2_camera_msgs/realsense2_camera_msgs/msg
[10.210s] -- Installing: /home/fire/Desktop/fast_livo2_ws/install/realsense2_camera_msgs/include/realsense2_camera_msgs/realsense2_camera_msgs/msg/rosidl_typesupport_fastrtps_c__visibility_control.h
[10.210s] -- Up-to-date: /home/fire/Desktop/fast_livo2_ws/install/realsense2_camera_msgs/include/realsense2_camera_msgs/realsense2_camera_msgs/msg/detail
[10.210s] -- Installing: /home/fire/Desktop/fast_livo2_ws/install/realsense2_camera_msgs/include/realsense2_camera_msgs/realsense2_camera_msgs/msg/detail/rgbd__rosidl_typesupport_fastrtps_c.h
[10.210s] -- Installing: /home/fire/Desktop/fast_livo2_ws/install/realsense2_camera_msgs/include/realsense2_camera_msgs/realsense2_camera_msgs/msg/detail/metadata__rosidl_typesupport_fastrtps_c.h
[10.210s] -- Installing: /home/fire/Desktop/fast_livo2_ws/install/realsense2_camera_msgs/include/realsense2_camera_msgs/realsense2_camera_msgs/msg/detail/imu_info__rosidl_typesupport_fastrtps_c.h
[10.210s] -- Installing: /home/fire/Desktop/fast_livo2_ws/install/realsense2_camera_msgs/include/realsense2_camera_msgs/realsense2_camera_msgs/msg/detail/extrinsics__rosidl_typesupport_fastrtps_c.h
[10.210s] -- Up-to-date: /home/fire/Desktop/fast_livo2_ws/install/realsense2_camera_msgs/include/realsense2_camera_msgs/realsense2_camera_msgs/action
[10.210s] -- Up-to-date: /home/fire/Desktop/fast_livo2_ws/install/realsense2_camera_msgs/include/realsense2_camera_msgs/realsense2_camera_msgs/action/detail
[10.210s] -- Installing: /home/fire/Desktop/fast_livo2_ws/install/realsense2_camera_msgs/include/realsense2_camera_msgs/realsense2_camera_msgs/action/detail/triggered_calibration__rosidl_typesupport_fastrtps_c.h
[10.210s] -- Up-to-date: /home/fire/Desktop/fast_livo2_ws/install/realsense2_camera_msgs/include/realsense2_camera_msgs/realsense2_camera_msgs/srv
[10.210s] -- Up-to-date: /home/fire/Desktop/fast_livo2_ws/install/realsense2_camera_msgs/include/realsense2_camera_msgs/realsense2_camera_msgs/srv/detail
[10.210s] -- Installing: /home/fire/Desktop/fast_livo2_ws/install/realsense2_camera_msgs/include/realsense2_camera_msgs/realsense2_camera_msgs/srv/detail/device_info__rosidl_typesupport_fastrtps_c.h
[10.210s] -- Installing: /home/fire/Desktop/fast_livo2_ws/install/realsense2_camera_msgs/include/realsense2_camera_msgs/realsense2_camera_msgs/srv/detail/safety_interface_config_write__rosidl_typesupport_fastrtps_c.h
[10.210s] -- Installing: /home/fire/Desktop/fast_livo2_ws/install/realsense2_camera_msgs/include/realsense2_camera_msgs/realsense2_camera_msgs/srv/detail/application_config_write__rosidl_typesupport_fastrtps_c.h
[10.211s] -- Installing: /home/fire/Desktop/fast_livo2_ws/install/realsense2_camera_msgs/include/realsense2_camera_msgs/realsense2_camera_msgs/srv/detail/safety_preset_read__rosidl_typesupport_fastrtps_c.h
[10.211s] -- Installing: /home/fire/Desktop/fast_livo2_ws/install/realsense2_camera_msgs/include/realsense2_camera_msgs/realsense2_camera_msgs/srv/detail/calib_config_write__rosidl_typesupport_fastrtps_c.h
[10.211s] -- Installing: /home/fire/Desktop/fast_livo2_ws/install/realsense2_camera_msgs/include/realsense2_camera_msgs/realsense2_camera_msgs/srv/detail/safety_preset_write__rosidl_typesupport_fastrtps_c.h
[10.211s] -- Installing: /home/fire/Desktop/fast_livo2_ws/install/realsense2_camera_msgs/include/realsense2_camera_msgs/realsense2_camera_msgs/srv/detail/calib_config_read__rosidl_typesupport_fastrtps_c.h
[10.211s] -- Installing: /home/fire/Desktop/fast_livo2_ws/install/realsense2_camera_msgs/include/realsense2_camera_msgs/realsense2_camera_msgs/srv/detail/safety_interface_config_read__rosidl_typesupport_fastrtps_c.h
[10.211s] -- Installing: /home/fire/Desktop/fast_livo2_ws/install/realsense2_camera_msgs/include/realsense2_camera_msgs/realsense2_camera_msgs/srv/detail/hardware_monitor_command_send__rosidl_typesupport_fastrtps_c.h
[10.211s] -- Installing: /home/fire/Desktop/fast_livo2_ws/install/realsense2_camera_msgs/include/realsense2_camera_msgs/realsense2_camera_msgs/srv/detail/application_config_read__rosidl_typesupport_fastrtps_c.h
[10.211s] -- Installing: /home/fire/Desktop/fast_livo2_ws/install/realsense2_camera_msgs/lib/librealsense2_camera_msgs__rosidl_typesupport_fastrtps_c.so
[10.211s] -- Set non-toolchain portion of runtime path of "/home/fire/Desktop/fast_livo2_ws/install/realsense2_camera_msgs/lib/librealsense2_camera_msgs__rosidl_typesupport_fastrtps_c.so" to ""
[10.211s] -- Up-to-date: /home/fire/Desktop/fast_livo2_ws/install/realsense2_camera_msgs/include/realsense2_camera_msgs/realsense2_camera_msgs
[10.211s] -- Up-to-date: /home/fire/Desktop/fast_livo2_ws/install/realsense2_camera_msgs/include/realsense2_camera_msgs/realsense2_camera_msgs/msg
[10.211s] -- Installing: /home/fire/Desktop/fast_livo2_ws/install/realsense2_camera_msgs/include/realsense2_camera_msgs/realsense2_camera_msgs/msg/rosidl_typesupport_introspection_c__visibility_control.h
[10.211s] -- Up-to-date: /home/fire/Desktop/fast_livo2_ws/install/realsense2_camera_msgs/include/realsense2_camera_msgs/realsense2_camera_msgs/msg/detail
[10.211s] -- Installing: /home/fire/Desktop/fast_livo2_ws/install/realsense2_camera_msgs/include/realsense2_camera_msgs/realsense2_camera_msgs/msg/detail/imu_info__type_support.c
[10.211s] -- Installing: /home/fire/Desktop/fast_livo2_ws/install/realsense2_camera_msgs/include/realsense2_camera_msgs/realsense2_camera_msgs/msg/detail/extrinsics__type_support.c
[10.211s] -- Installing: /home/fire/Desktop/fast_livo2_ws/install/realsense2_camera_msgs/include/realsense2_camera_msgs/realsense2_camera_msgs/msg/detail/metadata__type_support.c
[10.211s] -- Installing: /home/fire/Desktop/fast_livo2_ws/install/realsense2_camera_msgs/include/realsense2_camera_msgs/realsense2_camera_msgs/msg/detail/rgbd__type_support.c
[10.211s] -- Installing: /home/fire/Desktop/fast_livo2_ws/install/realsense2_camera_msgs/include/realsense2_camera_msgs/realsense2_camera_msgs/msg/detail/imu_info__rosidl_typesupport_introspection_c.h
[10.211s] -- Installing: /home/fire/Desktop/fast_livo2_ws/install/realsense2_camera_msgs/include/realsense2_camera_msgs/realsense2_camera_msgs/msg/detail/metadata__rosidl_typesupport_introspection_c.h
[10.211s] -- Installing: /home/fire/Desktop/fast_livo2_ws/install/realsense2_camera_msgs/include/realsense2_camera_msgs/realsense2_camera_msgs/msg/detail/extrinsics__rosidl_typesupport_introspection_c.h
[10.211s] -- Installing: /home/fire/Desktop/fast_livo2_ws/install/realsense2_camera_msgs/include/realsense2_camera_msgs/realsense2_camera_msgs/msg/detail/rgbd__rosidl_typesupport_introspection_c.h
[10.211s] -- Up-to-date: /home/fire/Desktop/fast_livo2_ws/install/realsense2_camera_msgs/include/realsense2_camera_msgs/realsense2_camera_msgs/action
[10.211s] -- Up-to-date: /home/fire/Desktop/fast_livo2_ws/install/realsense2_camera_msgs/include/realsense2_camera_msgs/realsense2_camera_msgs/action/detail
[10.212s] -- Installing: /home/fire/Desktop/fast_livo2_ws/install/realsense2_camera_msgs/include/realsense2_camera_msgs/realsense2_camera_msgs/action/detail/triggered_calibration__type_support.c
[10.212s] -- Installing: /home/fire/Desktop/fast_livo2_ws/install/realsense2_camera_msgs/include/realsense2_camera_msgs/realsense2_camera_msgs/action/detail/triggered_calibration__rosidl_typesupport_introspection_c.h
[10.212s] -- Up-to-date: /home/fire/Desktop/fast_livo2_ws/install/realsense2_camera_msgs/include/realsense2_camera_msgs/realsense2_camera_msgs/srv
[10.212s] -- Up-to-date: /home/fire/Desktop/fast_livo2_ws/install/realsense2_camera_msgs/include/realsense2_camera_msgs/realsense2_camera_msgs/srv/detail
[10.212s] -- Installing: /home/fire/Desktop/fast_livo2_ws/install/realsense2_camera_msgs/include/realsense2_camera_msgs/realsense2_camera_msgs/srv/detail/safety_preset_write__type_support.c
[10.212s] -- Installing: /home/fire/Desktop/fast_livo2_ws/install/realsense2_camera_msgs/include/realsense2_camera_msgs/realsense2_camera_msgs/srv/detail/safety_interface_config_write__rosidl_typesupport_introspection_c.h
[10.212s] -- Installing: /home/fire/Desktop/fast_livo2_ws/install/realsense2_camera_msgs/include/realsense2_camera_msgs/realsense2_camera_msgs/srv/detail/application_config_write__rosidl_typesupport_introspection_c.h
[10.212s] -- Installing: /home/fire/Desktop/fast_livo2_ws/install/realsense2_camera_msgs/include/realsense2_camera_msgs/realsense2_camera_msgs/srv/detail/hardware_monitor_command_send__rosidl_typesupport_introspection_c.h
[10.212s] -- Installing: /home/fire/Desktop/fast_livo2_ws/install/realsense2_camera_msgs/include/realsense2_camera_msgs/realsense2_camera_msgs/srv/detail/safety_interface_config_read__type_support.c
[10.212s] -- Installing: /home/fire/Desktop/fast_livo2_ws/install/realsense2_camera_msgs/include/realsense2_camera_msgs/realsense2_camera_msgs/srv/detail/safety_preset_read__rosidl_typesupport_introspection_c.h
[10.212s] -- Installing: /home/fire/Desktop/fast_livo2_ws/install/realsense2_camera_msgs/include/realsense2_camera_msgs/realsense2_camera_msgs/srv/detail/application_config_read__rosidl_typesupport_introspection_c.h
[10.212s] -- Installing: /home/fire/Desktop/fast_livo2_ws/install/realsense2_camera_msgs/include/realsense2_camera_msgs/realsense2_camera_msgs/srv/detail/application_config_write__type_support.c
[10.212s] -- Installing: /home/fire/Desktop/fast_livo2_ws/install/realsense2_camera_msgs/include/realsense2_camera_msgs/realsense2_camera_msgs/srv/detail/device_info__type_support.c
[10.212s] -- Installing: /home/fire/Desktop/fast_livo2_ws/install/realsense2_camera_msgs/include/realsense2_camera_msgs/realsense2_camera_msgs/srv/detail/safety_interface_config_read__rosidl_typesupport_introspection_c.h
[10.212s] -- Installing: /home/fire/Desktop/fast_livo2_ws/install/realsense2_camera_msgs/include/realsense2_camera_msgs/realsense2_camera_msgs/srv/detail/calib_config_write__rosidl_typesupport_introspection_c.h
[10.212s] -- Installing: /home/fire/Desktop/fast_livo2_ws/install/realsense2_camera_msgs/include/realsense2_camera_msgs/realsense2_camera_msgs/srv/detail/calib_config_read__rosidl_typesupport_introspection_c.h
[10.212s] -- Installing: /home/fire/Desktop/fast_livo2_ws/install/realsense2_camera_msgs/include/realsense2_camera_msgs/realsense2_camera_msgs/srv/detail/calib_config_write__type_support.c
[10.212s] -- Installing: /home/fire/Desktop/fast_livo2_ws/install/realsense2_camera_msgs/include/realsense2_camera_msgs/realsense2_camera_msgs/srv/detail/safety_interface_config_write__type_support.c
[10.212s] -- Installing: /home/fire/Desktop/fast_livo2_ws/install/realsense2_camera_msgs/include/realsense2_camera_msgs/realsense2_camera_msgs/srv/detail/safety_preset_read__type_support.c
[10.212s] -- Installing: /home/fire/Desktop/fast_livo2_ws/install/realsense2_camera_msgs/include/realsense2_camera_msgs/realsense2_camera_msgs/srv/detail/calib_config_read__type_support.c
[10.212s] -- Installing: /home/fire/Desktop/fast_livo2_ws/install/realsense2_camera_msgs/include/realsense2_camera_msgs/realsense2_camera_msgs/srv/detail/hardware_monitor_command_send__type_support.c
[10.212s] -- Installing: /home/fire/Desktop/fast_livo2_ws/install/realsense2_camera_msgs/include/realsense2_camera_msgs/realsense2_camera_msgs/srv/detail/device_info__rosidl_typesupport_introspection_c.h
[10.212s] -- Installing: /home/fire/Desktop/fast_livo2_ws/install/realsense2_camera_msgs/include/realsense2_camera_msgs/realsense2_camera_msgs/srv/detail/application_config_read__type_support.c
[10.212s] -- Installing: /home/fire/Desktop/fast_livo2_ws/install/realsense2_camera_msgs/include/realsense2_camera_msgs/realsense2_camera_msgs/srv/detail/safety_preset_write__rosidl_typesupport_introspection_c.h
[10.212s] -- Installing: /home/fire/Desktop/fast_livo2_ws/install/realsense2_camera_msgs/lib/librealsense2_camera_msgs__rosidl_typesupport_introspection_c.so
[10.213s] -- Set non-toolchain portion of runtime path of "/home/fire/Desktop/fast_livo2_ws/install/realsense2_camera_msgs/lib/librealsense2_camera_msgs__rosidl_typesupport_introspection_c.so" to ""
[10.213s] -- Installing: /home/fire/Desktop/fast_livo2_ws/install/realsense2_camera_msgs/lib/librealsense2_camera_msgs__rosidl_typesupport_c.so
[10.213s] -- Set non-toolchain portion of runtime path of "/home/fire/Desktop/fast_livo2_ws/install/realsense2_camera_msgs/lib/librealsense2_camera_msgs__rosidl_typesupport_c.so" to ""
[10.213s] -- Up-to-date: /home/fire/Desktop/fast_livo2_ws/install/realsense2_camera_msgs/include/realsense2_camera_msgs/realsense2_camera_msgs
[10.213s] -- Up-to-date: /home/fire/Desktop/fast_livo2_ws/install/realsense2_camera_msgs/include/realsense2_camera_msgs/realsense2_camera_msgs/msg
[10.213s] -- Installing: /home/fire/Desktop/fast_livo2_ws/install/realsense2_camera_msgs/include/realsense2_camera_msgs/realsense2_camera_msgs/msg/rosidl_generator_cpp__visibility_control.hpp
[10.213s] -- Installing: /home/fire/Desktop/fast_livo2_ws/install/realsense2_camera_msgs/include/realsense2_camera_msgs/realsense2_camera_msgs/msg/rgbd.hpp
[10.214s] -- Installing: /home/fire/Desktop/fast_livo2_ws/install/realsense2_camera_msgs/include/realsense2_camera_msgs/realsense2_camera_msgs/msg/imu_info.hpp
[10.214s] -- Installing: /home/fire/Desktop/fast_livo2_ws/install/realsense2_camera_msgs/include/realsense2_camera_msgs/realsense2_camera_msgs/msg/metadata.hpp
[10.214s] -- Installing: /home/fire/Desktop/fast_livo2_ws/install/realsense2_camera_msgs/include/realsense2_camera_msgs/realsense2_camera_msgs/msg/extrinsics.hpp
[10.214s] -- Up-to-date: /home/fire/Desktop/fast_livo2_ws/install/realsense2_camera_msgs/include/realsense2_camera_msgs/realsense2_camera_msgs/msg/detail
[10.214s] -- Installing: /home/fire/Desktop/fast_livo2_ws/install/realsense2_camera_msgs/include/realsense2_camera_msgs/realsense2_camera_msgs/msg/detail/metadata__type_support.hpp
[10.214s] -- Installing: /home/fire/Desktop/fast_livo2_ws/install/realsense2_camera_msgs/include/realsense2_camera_msgs/realsense2_camera_msgs/msg/detail/metadata__builder.hpp
[10.214s] -- Installing: /home/fire/Desktop/fast_livo2_ws/install/realsense2_camera_msgs/include/realsense2_camera_msgs/realsense2_camera_msgs/msg/detail/extrinsics__traits.hpp
[10.214s] -- Installing: /home/fire/Desktop/fast_livo2_ws/install/realsense2_camera_msgs/include/realsense2_camera_msgs/realsense2_camera_msgs/msg/detail/extrinsics__struct.hpp
[10.214s] -- Installing: /home/fire/Desktop/fast_livo2_ws/install/realsense2_camera_msgs/include/realsense2_camera_msgs/realsense2_camera_msgs/msg/detail/imu_info__struct.hpp
[10.214s] -- Installing: /home/fire/Desktop/fast_livo2_ws/install/realsense2_camera_msgs/include/realsense2_camera_msgs/realsense2_camera_msgs/msg/detail/rgbd__builder.hpp
[10.214s] -- Installing: /home/fire/Desktop/fast_livo2_ws/install/realsense2_camera_msgs/include/realsense2_camera_msgs/realsense2_camera_msgs/msg/detail/rgbd__struct.hpp
[10.214s] -- Installing: /home/fire/Desktop/fast_livo2_ws/install/realsense2_camera_msgs/include/realsense2_camera_msgs/realsense2_camera_msgs/msg/detail/metadata__traits.hpp
[10.215s] -- Installing: /home/fire/Desktop/fast_livo2_ws/install/realsense2_camera_msgs/include/realsense2_camera_msgs/realsense2_camera_msgs/msg/detail/imu_info__traits.hpp
[10.215s] -- Installing: /home/fire/Desktop/fast_livo2_ws/install/realsense2_camera_msgs/include/realsense2_camera_msgs/realsense2_camera_msgs/msg/detail/extrinsics__type_support.hpp
[10.215s] -- Installing: /home/fire/Desktop/fast_livo2_ws/install/realsense2_camera_msgs/include/realsense2_camera_msgs/realsense2_camera_msgs/msg/detail/extrinsics__builder.hpp
[10.215s] -- Installing: /home/fire/Desktop/fast_livo2_ws/install/realsense2_camera_msgs/include/realsense2_camera_msgs/realsense2_camera_msgs/msg/detail/rgbd__type_support.hpp
[10.215s] -- Installing: /home/fire/Desktop/fast_livo2_ws/install/realsense2_camera_msgs/include/realsense2_camera_msgs/realsense2_camera_msgs/msg/detail/imu_info__type_support.hpp
[10.215s] -- Installing: /home/fire/Desktop/fast_livo2_ws/install/realsense2_camera_msgs/include/realsense2_camera_msgs/realsense2_camera_msgs/msg/detail/imu_info__builder.hpp
[10.215s] -- Installing: /home/fire/Desktop/fast_livo2_ws/install/realsense2_camera_msgs/include/realsense2_camera_msgs/realsense2_camera_msgs/msg/detail/metadata__struct.hpp
[10.215s] -- Installing: /home/fire/Desktop/fast_livo2_ws/install/realsense2_camera_msgs/include/realsense2_camera_msgs/realsense2_camera_msgs/msg/detail/rgbd__traits.hpp
[10.215s] -- Up-to-date: /home/fire/Desktop/fast_livo2_ws/install/realsense2_camera_msgs/include/realsense2_camera_msgs/realsense2_camera_msgs/action
[10.215s] -- Installing: /home/fire/Desktop/fast_livo2_ws/install/realsense2_camera_msgs/include/realsense2_camera_msgs/realsense2_camera_msgs/action/triggered_calibration.hpp
[10.215s] -- Up-to-date: /home/fire/Desktop/fast_livo2_ws/install/realsense2_camera_msgs/include/realsense2_camera_msgs/realsense2_camera_msgs/action/detail
[10.215s] -- Installing: /home/fire/Desktop/fast_livo2_ws/install/realsense2_camera_msgs/include/realsense2_camera_msgs/realsense2_camera_msgs/action/detail/triggered_calibration__struct.hpp
[10.216s] -- Installing: /home/fire/Desktop/fast_livo2_ws/install/realsense2_camera_msgs/include/realsense2_camera_msgs/realsense2_camera_msgs/action/detail/triggered_calibration__type_support.hpp
[10.216s] -- Installing: /home/fire/Desktop/fast_livo2_ws/install/realsense2_camera_msgs/include/realsense2_camera_msgs/realsense2_camera_msgs/action/detail/triggered_calibration__builder.hpp
[10.216s] -- Installing: /home/fire/Desktop/fast_livo2_ws/install/realsense2_camera_msgs/include/realsense2_camera_msgs/realsense2_camera_msgs/action/detail/triggered_calibration__traits.hpp
[10.216s] -- Up-to-date: /home/fire/Desktop/fast_livo2_ws/install/realsense2_camera_msgs/include/realsense2_camera_msgs/realsense2_camera_msgs/srv
[10.216s] -- Installing: /home/fire/Desktop/fast_livo2_ws/install/realsense2_camera_msgs/include/realsense2_camera_msgs/realsense2_camera_msgs/srv/safety_interface_config_write.hpp
[10.216s] -- Installing: /home/fire/Desktop/fast_livo2_ws/install/realsense2_camera_msgs/include/realsense2_camera_msgs/realsense2_camera_msgs/srv/calib_config_write.hpp
[10.216s] -- Installing: /home/fire/Desktop/fast_livo2_ws/install/realsense2_camera_msgs/include/realsense2_camera_msgs/realsense2_camera_msgs/srv/hardware_monitor_command_send.hpp
[10.216s] -- Installing: /home/fire/Desktop/fast_livo2_ws/install/realsense2_camera_msgs/include/realsense2_camera_msgs/realsense2_camera_msgs/srv/application_config_read.hpp
[10.216s] -- Installing: /home/fire/Desktop/fast_livo2_ws/install/realsense2_camera_msgs/include/realsense2_camera_msgs/realsense2_camera_msgs/srv/device_info.hpp
[10.216s] -- Installing: /home/fire/Desktop/fast_livo2_ws/install/realsense2_camera_msgs/include/realsense2_camera_msgs/realsense2_camera_msgs/srv/application_config_write.hpp
[10.216s] -- Installing: /home/fire/Desktop/fast_livo2_ws/install/realsense2_camera_msgs/include/realsense2_camera_msgs/realsense2_camera_msgs/srv/safety_preset_write.hpp
[10.217s] -- Installing: /home/fire/Desktop/fast_livo2_ws/install/realsense2_camera_msgs/include/realsense2_camera_msgs/realsense2_camera_msgs/srv/calib_config_read.hpp
[10.217s] -- Installing: /home/fire/Desktop/fast_livo2_ws/install/realsense2_camera_msgs/include/realsense2_camera_msgs/realsense2_camera_msgs/srv/safety_interface_config_read.hpp
[10.217s] -- Up-to-date: /home/fire/Desktop/fast_livo2_ws/install/realsense2_camera_msgs/include/realsense2_camera_msgs/realsense2_camera_msgs/srv/detail
[10.217s] -- Installing: /home/fire/Desktop/fast_livo2_ws/install/realsense2_camera_msgs/include/realsense2_camera_msgs/realsense2_camera_msgs/srv/detail/calib_config_write__type_support.hpp
[10.217s] -- Installing: /home/fire/Desktop/fast_livo2_ws/install/realsense2_camera_msgs/include/realsense2_camera_msgs/realsense2_camera_msgs/srv/detail/application_config_read__struct.hpp
[10.217s] -- Installing: /home/fire/Desktop/fast_livo2_ws/install/realsense2_camera_msgs/include/realsense2_camera_msgs/realsense2_camera_msgs/srv/detail/application_config_write__struct.hpp
[10.217s] -- Installing: /home/fire/Desktop/fast_livo2_ws/install/realsense2_camera_msgs/include/realsense2_camera_msgs/realsense2_camera_msgs/srv/detail/safety_preset_read__builder.hpp
[10.217s] -- Installing: /home/fire/Desktop/fast_livo2_ws/install/realsense2_camera_msgs/include/realsense2_camera_msgs/realsense2_camera_msgs/srv/detail/hardware_monitor_command_send__traits.hpp
[10.217s] -- Installing: /home/fire/Desktop/fast_livo2_ws/install/realsense2_camera_msgs/include/realsense2_camera_msgs/realsense2_camera_msgs/srv/detail/calib_config_read__struct.hpp
[10.217s] -- Installing: /home/fire/Desktop/fast_livo2_ws/install/realsense2_camera_msgs/include/realsense2_camera_msgs/realsense2_camera_msgs/srv/detail/device_info__builder.hpp
[10.217s] -- Installing: /home/fire/Desktop/fast_livo2_ws/install/realsense2_camera_msgs/include/realsense2_camera_msgs/realsense2_camera_msgs/srv/detail/safety_interface_config_write__type_support.hpp
[10.217s] -- Installing: /home/fire/Desktop/fast_livo2_ws/install/realsense2_camera_msgs/include/realsense2_camera_msgs/realsense2_camera_msgs/srv/detail/calib_config_read__type_support.hpp
[10.217s] -- Installing: /home/fire/Desktop/fast_livo2_ws/install/realsense2_camera_msgs/include/realsense2_camera_msgs/realsense2_camera_msgs/srv/detail/safety_preset_write__builder.hpp
[10.217s] -- Installing: /home/fire/Desktop/fast_livo2_ws/install/realsense2_camera_msgs/include/realsense2_camera_msgs/realsense2_camera_msgs/srv/detail/application_config_write__traits.hpp
[10.218s] -- Installing: /home/fire/Desktop/fast_livo2_ws/install/realsense2_camera_msgs/include/realsense2_camera_msgs/realsense2_camera_msgs/srv/detail/calib_config_write__struct.hpp
[10.218s] -- Installing: /home/fire/Desktop/fast_livo2_ws/install/realsense2_camera_msgs/include/realsense2_camera_msgs/realsense2_camera_msgs/srv/detail/safety_interface_config_read__builder.hpp
[10.218s] -- Installing: /home/fire/Desktop/fast_livo2_ws/install/realsense2_camera_msgs/include/realsense2_camera_msgs/realsense2_camera_msgs/srv/detail/safety_interface_config_read__type_support.hpp
[10.218s] -- Installing: /home/fire/Desktop/fast_livo2_ws/install/realsense2_camera_msgs/include/realsense2_camera_msgs/realsense2_camera_msgs/srv/detail/safety_preset_read__struct.hpp
[10.218s] -- Installing: /home/fire/Desktop/fast_livo2_ws/install/realsense2_camera_msgs/include/realsense2_camera_msgs/realsense2_camera_msgs/srv/detail/safety_preset_read__traits.hpp
[10.218s] -- Installing: /home/fire/Desktop/fast_livo2_ws/install/realsense2_camera_msgs/include/realsense2_camera_msgs/realsense2_camera_msgs/srv/detail/application_config_read__traits.hpp
[10.218s] -- Installing: /home/fire/Desktop/fast_livo2_ws/install/realsense2_camera_msgs/include/realsense2_camera_msgs/realsense2_camera_msgs/srv/detail/device_info__traits.hpp
[10.218s] -- Installing: /home/fire/Desktop/fast_livo2_ws/install/realsense2_camera_msgs/include/realsense2_camera_msgs/realsense2_camera_msgs/srv/detail/hardware_monitor_command_send__builder.hpp
[10.218s] -- Installing: /home/fire/Desktop/fast_livo2_ws/install/realsense2_camera_msgs/include/realsense2_camera_msgs/realsense2_camera_msgs/srv/detail/calib_config_write__builder.hpp
[10.218s] -- Installing: /home/fire/Desktop/fast_livo2_ws/install/realsense2_camera_msgs/include/realsense2_camera_msgs/realsense2_camera_msgs/srv/detail/safety_interface_config_read__traits.hpp
[10.218s] -- Installing: /home/fire/Desktop/fast_livo2_ws/install/realsense2_camera_msgs/include/realsense2_camera_msgs/realsense2_camera_msgs/srv/detail/hardware_monitor_command_send__type_support.hpp
[10.218s] -- Installing: /home/fire/Desktop/fast_livo2_ws/install/realsense2_camera_msgs/include/realsense2_camera_msgs/realsense2_camera_msgs/srv/detail/safety_interface_config_write__traits.hpp
[10.219s] -- Installing: /home/fire/Desktop/fast_livo2_ws/install/realsense2_camera_msgs/include/realsense2_camera_msgs/realsense2_camera_msgs/srv/detail/application_config_write__type_support.hpp
[10.219s] -- Installing: /home/fire/Desktop/fast_livo2_ws/install/realsense2_camera_msgs/include/realsense2_camera_msgs/realsense2_camera_msgs/srv/detail/application_config_read__builder.hpp
[10.219s] -- Installing: /home/fire/Desktop/fast_livo2_ws/install/realsense2_camera_msgs/include/realsense2_camera_msgs/realsense2_camera_msgs/srv/detail/device_info__struct.hpp
[10.219s] -- Installing: /home/fire/Desktop/fast_livo2_ws/install/realsense2_camera_msgs/include/realsense2_camera_msgs/realsense2_camera_msgs/srv/detail/device_info__type_support.hpp
[10.219s] -- Installing: /home/fire/Desktop/fast_livo2_ws/install/realsense2_camera_msgs/include/realsense2_camera_msgs/realsense2_camera_msgs/srv/detail/safety_interface_config_write__builder.hpp
[10.219s] -- Installing: /home/fire/Desktop/fast_livo2_ws/install/realsense2_camera_msgs/include/realsense2_camera_msgs/realsense2_camera_msgs/srv/detail/safety_interface_config_read__struct.hpp
[10.219s] -- Installing: /home/fire/Desktop/fast_livo2_ws/install/realsense2_camera_msgs/include/realsense2_camera_msgs/realsense2_camera_msgs/srv/detail/safety_preset_read__type_support.hpp
[10.219s] -- Installing: /home/fire/Desktop/fast_livo2_ws/install/realsense2_camera_msgs/include/realsense2_camera_msgs/realsense2_camera_msgs/srv/detail/application_config_read__type_support.hpp
[10.219s] -- Installing: /home/fire/Desktop/fast_livo2_ws/install/realsense2_camera_msgs/include/realsense2_camera_msgs/realsense2_camera_msgs/srv/detail/safety_interface_config_write__struct.hpp
[10.219s] -- Installing: /home/fire/Desktop/fast_livo2_ws/install/realsense2_camera_msgs/include/realsense2_camera_msgs/realsense2_camera_msgs/srv/detail/hardware_monitor_command_send__struct.hpp
[10.219s] -- Installing: /home/fire/Desktop/fast_livo2_ws/install/realsense2_camera_msgs/include/realsense2_camera_msgs/realsense2_camera_msgs/srv/detail/calib_config_write__traits.hpp
[10.219s] -- Installing: /home/fire/Desktop/fast_livo2_ws/install/realsense2_camera_msgs/include/realsense2_camera_msgs/realsense2_camera_msgs/srv/detail/calib_config_read__builder.hpp
[10.219s] -- Installing: /home/fire/Desktop/fast_livo2_ws/install/realsense2_camera_msgs/include/realsense2_camera_msgs/realsense2_camera_msgs/srv/detail/application_config_write__builder.hpp
[10.220s] -- Installing: /home/fire/Desktop/fast_livo2_ws/install/realsense2_camera_msgs/include/realsense2_camera_msgs/realsense2_camera_msgs/srv/detail/calib_config_read__traits.hpp
[10.220s] -- Installing: /home/fire/Desktop/fast_livo2_ws/install/realsense2_camera_msgs/include/realsense2_camera_msgs/realsense2_camera_msgs/srv/detail/safety_preset_write__struct.hpp
[10.220s] -- Installing: /home/fire/Desktop/fast_livo2_ws/install/realsense2_camera_msgs/include/realsense2_camera_msgs/realsense2_camera_msgs/srv/detail/safety_preset_write__type_support.hpp
[10.220s] -- Installing: /home/fire/Desktop/fast_livo2_ws/install/realsense2_camera_msgs/include/realsense2_camera_msgs/realsense2_camera_msgs/srv/detail/safety_preset_write__traits.hpp
[10.220s] -- Installing: /home/fire/Desktop/fast_livo2_ws/install/realsense2_camera_msgs/include/realsense2_camera_msgs/realsense2_camera_msgs/srv/safety_preset_read.hpp
[10.220s] -- Up-to-date: /home/fire/Desktop/fast_livo2_ws/install/realsense2_camera_msgs/include/realsense2_camera_msgs/realsense2_camera_msgs
[10.220s] -- Up-to-date: /home/fire/Desktop/fast_livo2_ws/install/realsense2_camera_msgs/include/realsense2_camera_msgs/realsense2_camera_msgs/msg
[10.220s] -- Installing: /home/fire/Desktop/fast_livo2_ws/install/realsense2_camera_msgs/include/realsense2_camera_msgs/realsense2_camera_msgs/msg/rosidl_typesupport_fastrtps_cpp__visibility_control.h
[10.220s] -- Up-to-date: /home/fire/Desktop/fast_livo2_ws/install/realsense2_camera_msgs/include/realsense2_camera_msgs/realsense2_camera_msgs/msg/detail
[10.220s] -- Installing: /home/fire/Desktop/fast_livo2_ws/install/realsense2_camera_msgs/include/realsense2_camera_msgs/realsense2_camera_msgs/msg/detail/imu_info__rosidl_typesupport_fastrtps_cpp.hpp
[10.220s] -- Installing: /home/fire/Desktop/fast_livo2_ws/install/realsense2_camera_msgs/include/realsense2_camera_msgs/realsense2_camera_msgs/msg/detail/dds_fastrtps
[10.220s] -- Installing: /home/fire/Desktop/fast_livo2_ws/install/realsense2_camera_msgs/include/realsense2_camera_msgs/realsense2_camera_msgs/msg/detail/rgbd__rosidl_typesupport_fastrtps_cpp.hpp
[10.220s] -- Installing: /home/fire/Desktop/fast_livo2_ws/install/realsense2_camera_msgs/include/realsense2_camera_msgs/realsense2_camera_msgs/msg/detail/metadata__rosidl_typesupport_fastrtps_cpp.hpp
[10.220s] -- Installing: /home/fire/Desktop/fast_livo2_ws/install/realsense2_camera_msgs/include/realsense2_camera_msgs/realsense2_camera_msgs/msg/detail/extrinsics__rosidl_typesupport_fastrtps_cpp.hpp
[10.220s] -- Up-to-date: /home/fire/Desktop/fast_livo2_ws/install/realsense2_camera_msgs/include/realsense2_camera_msgs/realsense2_camera_msgs/action
[10.220s] -- Up-to-date: /home/fire/Desktop/fast_livo2_ws/install/realsense2_camera_msgs/include/realsense2_camera_msgs/realsense2_camera_msgs/action/detail
[10.220s] -- Installing: /home/fire/Desktop/fast_livo2_ws/install/realsense2_camera_msgs/include/realsense2_camera_msgs/realsense2_camera_msgs/action/detail/dds_fastrtps
[10.220s] -- Installing: /home/fire/Desktop/fast_livo2_ws/install/realsense2_camera_msgs/include/realsense2_camera_msgs/realsense2_camera_msgs/action/detail/triggered_calibration__rosidl_typesupport_fastrtps_cpp.hpp
[10.221s] -- Up-to-date: /home/fire/Desktop/fast_livo2_ws/install/realsense2_camera_msgs/include/realsense2_camera_msgs/realsense2_camera_msgs/srv
[10.221s] -- Up-to-date: /home/fire/Desktop/fast_livo2_ws/install/realsense2_camera_msgs/include/realsense2_camera_msgs/realsense2_camera_msgs/srv/detail
[10.221s] -- Installing: /home/fire/Desktop/fast_livo2_ws/install/realsense2_camera_msgs/include/realsense2_camera_msgs/realsense2_camera_msgs/srv/detail/application_config_read__rosidl_typesupport_fastrtps_cpp.hpp
[10.221s] -- Installing: /home/fire/Desktop/fast_livo2_ws/install/realsense2_camera_msgs/include/realsense2_camera_msgs/realsense2_camera_msgs/srv/detail/calib_config_read__rosidl_typesupport_fastrtps_cpp.hpp
[10.221s] -- Installing: /home/fire/Desktop/fast_livo2_ws/install/realsense2_camera_msgs/include/realsense2_camera_msgs/realsense2_camera_msgs/srv/detail/safety_interface_config_read__rosidl_typesupport_fastrtps_cpp.hpp
[10.221s] -- Installing: /home/fire/Desktop/fast_livo2_ws/install/realsense2_camera_msgs/include/realsense2_camera_msgs/realsense2_camera_msgs/srv/detail/safety_preset_read__rosidl_typesupport_fastrtps_cpp.hpp
[10.221s] -- Installing: /home/fire/Desktop/fast_livo2_ws/install/realsense2_camera_msgs/include/realsense2_camera_msgs/realsense2_camera_msgs/srv/detail/dds_fastrtps
[10.221s] -- Installing: /home/fire/Desktop/fast_livo2_ws/install/realsense2_camera_msgs/include/realsense2_camera_msgs/realsense2_camera_msgs/srv/detail/safety_interface_config_write__rosidl_typesupport_fastrtps_cpp.hpp
[10.221s] -- Installing: /home/fire/Desktop/fast_livo2_ws/install/realsense2_camera_msgs/include/realsense2_camera_msgs/realsense2_camera_msgs/srv/detail/application_config_write__rosidl_typesupport_fastrtps_cpp.hpp
[10.221s] -- Installing: /home/fire/Desktop/fast_livo2_ws/install/realsense2_camera_msgs/include/realsense2_camera_msgs/realsense2_camera_msgs/srv/detail/device_info__rosidl_typesupport_fastrtps_cpp.hpp
[10.221s] -- Installing: /home/fire/Desktop/fast_livo2_ws/install/realsense2_camera_msgs/include/realsense2_camera_msgs/realsense2_camera_msgs/srv/detail/hardware_monitor_command_send__rosidl_typesupport_fastrtps_cpp.hpp
[10.221s] -- Installing: /home/fire/Desktop/fast_livo2_ws/install/realsense2_camera_msgs/include/realsense2_camera_msgs/realsense2_camera_msgs/srv/detail/safety_preset_write__rosidl_typesupport_fastrtps_cpp.hpp
[10.221s] -- Installing: /home/fire/Desktop/fast_livo2_ws/install/realsense2_camera_msgs/include/realsense2_camera_msgs/realsense2_camera_msgs/srv/detail/calib_config_write__rosidl_typesupport_fastrtps_cpp.hpp
[10.221s] -- Installing: /home/fire/Desktop/fast_livo2_ws/install/realsense2_camera_msgs/lib/librealsense2_camera_msgs__rosidl_typesupport_fastrtps_cpp.so
[10.221s] -- Set non-toolchain portion of runtime path of "/home/fire/Desktop/fast_livo2_ws/install/realsense2_camera_msgs/lib/librealsense2_camera_msgs__rosidl_typesupport_fastrtps_cpp.so" to ""
[10.221s] -- Up-to-date: /home/fire/Desktop/fast_livo2_ws/install/realsense2_camera_msgs/include/realsense2_camera_msgs/realsense2_camera_msgs
[10.221s] -- Up-to-date: /home/fire/Desktop/fast_livo2_ws/install/realsense2_camera_msgs/include/realsense2_camera_msgs/realsense2_camera_msgs/msg
[10.221s] -- Up-to-date: /home/fire/Desktop/fast_livo2_ws/install/realsense2_camera_msgs/include/realsense2_camera_msgs/realsense2_camera_msgs/msg/detail
[10.221s] -- Installing: /home/fire/Desktop/fast_livo2_ws/install/realsense2_camera_msgs/include/realsense2_camera_msgs/realsense2_camera_msgs/msg/detail/rgbd__type_support.cpp
[10.221s] -- Installing: /home/fire/Desktop/fast_livo2_ws/install/realsense2_camera_msgs/include/realsense2_camera_msgs/realsense2_camera_msgs/msg/detail/extrinsics__type_support.cpp
[10.221s] -- Installing: /home/fire/Desktop/fast_livo2_ws/install/realsense2_camera_msgs/include/realsense2_camera_msgs/realsense2_camera_msgs/msg/detail/metadata__rosidl_typesupport_introspection_cpp.hpp
[10.221s] -- Installing: /home/fire/Desktop/fast_livo2_ws/install/realsense2_camera_msgs/include/realsense2_camera_msgs/realsense2_camera_msgs/msg/detail/rgbd__rosidl_typesupport_introspection_cpp.hpp
[10.221s] -- Installing: /home/fire/Desktop/fast_livo2_ws/install/realsense2_camera_msgs/include/realsense2_camera_msgs/realsense2_camera_msgs/msg/detail/extrinsics__rosidl_typesupport_introspection_cpp.hpp
[10.221s] -- Installing: /home/fire/Desktop/fast_livo2_ws/install/realsense2_camera_msgs/include/realsense2_camera_msgs/realsense2_camera_msgs/msg/detail/imu_info__type_support.cpp
[10.221s] -- Installing: /home/fire/Desktop/fast_livo2_ws/install/realsense2_camera_msgs/include/realsense2_camera_msgs/realsense2_camera_msgs/msg/detail/imu_info__rosidl_typesupport_introspection_cpp.hpp
[10.221s] -- Installing: /home/fire/Desktop/fast_livo2_ws/install/realsense2_camera_msgs/include/realsense2_camera_msgs/realsense2_camera_msgs/msg/detail/metadata__type_support.cpp
[10.221s] -- Up-to-date: /home/fire/Desktop/fast_livo2_ws/install/realsense2_camera_msgs/include/realsense2_camera_msgs/realsense2_camera_msgs/action
[10.222s] -- Up-to-date: /home/fire/Desktop/fast_livo2_ws/install/realsense2_camera_msgs/include/realsense2_camera_msgs/realsense2_camera_msgs/action/detail
[10.222s] -- Installing: /home/fire/Desktop/fast_livo2_ws/install/realsense2_camera_msgs/include/realsense2_camera_msgs/realsense2_camera_msgs/action/detail/triggered_calibration__rosidl_typesupport_introspection_cpp.hpp
[10.222s] -- Installing: /home/fire/Desktop/fast_livo2_ws/install/realsense2_camera_msgs/include/realsense2_camera_msgs/realsense2_camera_msgs/action/detail/triggered_calibration__type_support.cpp
[10.222s] -- Up-to-date: /home/fire/Desktop/fast_livo2_ws/install/realsense2_camera_msgs/include/realsense2_camera_msgs/realsense2_camera_msgs/srv
[10.222s] -- Up-to-date: /home/fire/Desktop/fast_livo2_ws/install/realsense2_camera_msgs/include/realsense2_camera_msgs/realsense2_camera_msgs/srv/detail
[10.222s] -- Installing: /home/fire/Desktop/fast_livo2_ws/install/realsense2_camera_msgs/include/realsense2_camera_msgs/realsense2_camera_msgs/srv/detail/safety_preset_write__rosidl_typesupport_introspection_cpp.hpp
[10.222s] -- Installing: /home/fire/Desktop/fast_livo2_ws/install/realsense2_camera_msgs/include/realsense2_camera_msgs/realsense2_camera_msgs/srv/detail/safety_preset_read__rosidl_typesupport_introspection_cpp.hpp
[10.222s] -- Installing: /home/fire/Desktop/fast_livo2_ws/install/realsense2_camera_msgs/include/realsense2_camera_msgs/realsense2_camera_msgs/srv/detail/safety_interface_config_read__type_support.cpp
[10.222s] -- Installing: /home/fire/Desktop/fast_livo2_ws/install/realsense2_camera_msgs/include/realsense2_camera_msgs/realsense2_camera_msgs/srv/detail/application_config_read__type_support.cpp
[10.222s] -- Installing: /home/fire/Desktop/fast_livo2_ws/install/realsense2_camera_msgs/include/realsense2_camera_msgs/realsense2_camera_msgs/srv/detail/calib_config_write__type_support.cpp
[10.222s] -- Installing: /home/fire/Desktop/fast_livo2_ws/install/realsense2_camera_msgs/include/realsense2_camera_msgs/realsense2_camera_msgs/srv/detail/calib_config_read__type_support.cpp
[10.222s] -- Installing: /home/fire/Desktop/fast_livo2_ws/install/realsense2_camera_msgs/include/realsense2_camera_msgs/realsense2_camera_msgs/srv/detail/safety_interface_config_read__rosidl_typesupport_introspection_cpp.hpp
[10.222s] -- Installing: /home/fire/Desktop/fast_livo2_ws/install/realsense2_camera_msgs/include/realsense2_camera_msgs/realsense2_camera_msgs/srv/detail/hardware_monitor_command_send__type_support.cpp
[10.222s] -- Installing: /home/fire/Desktop/fast_livo2_ws/install/realsense2_camera_msgs/include/realsense2_camera_msgs/realsense2_camera_msgs/srv/detail/calib_config_write__rosidl_typesupport_introspection_cpp.hpp
[10.222s] -- Installing: /home/fire/Desktop/fast_livo2_ws/install/realsense2_camera_msgs/include/realsense2_camera_msgs/realsense2_camera_msgs/srv/detail/application_config_write__rosidl_typesupport_introspection_cpp.hpp
[10.222s] -- Installing: /home/fire/Desktop/fast_livo2_ws/install/realsense2_camera_msgs/include/realsense2_camera_msgs/realsense2_camera_msgs/srv/detail/application_config_read__rosidl_typesupport_introspection_cpp.hpp
[10.222s] -- Installing: /home/fire/Desktop/fast_livo2_ws/install/realsense2_camera_msgs/include/realsense2_camera_msgs/realsense2_camera_msgs/srv/detail/safety_interface_config_write__rosidl_typesupport_introspection_cpp.hpp
[10.222s] -- Installing: /home/fire/Desktop/fast_livo2_ws/install/realsense2_camera_msgs/include/realsense2_camera_msgs/realsense2_camera_msgs/srv/detail/hardware_monitor_command_send__rosidl_typesupport_introspection_cpp.hpp
[10.222s] -- Installing: /home/fire/Desktop/fast_livo2_ws/install/realsense2_camera_msgs/include/realsense2_camera_msgs/realsense2_camera_msgs/srv/detail/safety_preset_write__type_support.cpp
[10.222s] -- Installing: /home/fire/Desktop/fast_livo2_ws/install/realsense2_camera_msgs/include/realsense2_camera_msgs/realsense2_camera_msgs/srv/detail/application_config_write__type_support.cpp
[10.222s] -- Installing: /home/fire/Desktop/fast_livo2_ws/install/realsense2_camera_msgs/include/realsense2_camera_msgs/realsense2_camera_msgs/srv/detail/safety_preset_read__type_support.cpp
[10.222s] -- Installing: /home/fire/Desktop/fast_livo2_ws/install/realsense2_camera_msgs/include/realsense2_camera_msgs/realsense2_camera_msgs/srv/detail/safety_interface_config_write__type_support.cpp
[10.222s] -- Installing: /home/fire/Desktop/fast_livo2_ws/install/realsense2_camera_msgs/include/realsense2_camera_msgs/realsense2_camera_msgs/srv/detail/device_info__rosidl_typesupport_introspection_cpp.hpp
[10.222s] -- Installing: /home/fire/Desktop/fast_livo2_ws/install/realsense2_camera_msgs/include/realsense2_camera_msgs/realsense2_camera_msgs/srv/detail/device_info__type_support.cpp
[10.222s] -- Installing: /home/fire/Desktop/fast_livo2_ws/install/realsense2_camera_msgs/include/realsense2_camera_msgs/realsense2_camera_msgs/srv/detail/calib_config_read__rosidl_typesupport_introspection_cpp.hpp
[10.222s] -- Installing: /home/fire/Desktop/fast_livo2_ws/install/realsense2_camera_msgs/lib/librealsense2_camera_msgs__rosidl_typesupport_introspection_cpp.so
[10.222s] -- Set non-toolchain portion of runtime path of "/home/fire/Desktop/fast_livo2_ws/install/realsense2_camera_msgs/lib/librealsense2_camera_msgs__rosidl_typesupport_introspection_cpp.so" to ""
[10.222s] -- Installing: /home/fire/Desktop/fast_livo2_ws/install/realsense2_camera_msgs/lib/librealsense2_camera_msgs__rosidl_typesupport_cpp.so
[10.222s] -- Set non-toolchain portion of runtime path of "/home/fire/Desktop/fast_livo2_ws/install/realsense2_camera_msgs/lib/librealsense2_camera_msgs__rosidl_typesupport_cpp.so" to ""
[10.223s] -- Installing: /home/fire/Desktop/fast_livo2_ws/install/realsense2_camera_msgs/share/realsense2_camera_msgs/environment/pythonpath.sh
[10.223s] -- Installing: /home/fire/Desktop/fast_livo2_ws/install/realsense2_camera_msgs/share/realsense2_camera_msgs/environment/pythonpath.dsv
[10.223s] -- Installing: /home/fire/Desktop/fast_livo2_ws/install/realsense2_camera_msgs/lib/python3.12/site-packages/realsense2_camera_msgs-4.57.7-py3.12.egg-info
[10.223s] -- Installing: /home/fire/Desktop/fast_livo2_ws/install/realsense2_camera_msgs/lib/python3.12/site-packages/realsense2_camera_msgs-4.57.7-py3.12.egg-info/dependency_links.txt
[10.223s] -- Installing: /home/fire/Desktop/fast_livo2_ws/install/realsense2_camera_msgs/lib/python3.12/site-packages/realsense2_camera_msgs-4.57.7-py3.12.egg-info/top_level.txt
[10.223s] -- Installing: /home/fire/Desktop/fast_livo2_ws/install/realsense2_camera_msgs/lib/python3.12/site-packages/realsense2_camera_msgs-4.57.7-py3.12.egg-info/SOURCES.txt
[10.223s] -- Installing: /home/fire/Desktop/fast_livo2_ws/install/realsense2_camera_msgs/lib/python3.12/site-packages/realsense2_camera_msgs-4.57.7-py3.12.egg-info/PKG-INFO
[10.223s] -- Installing: /home/fire/Desktop/fast_livo2_ws/install/realsense2_camera_msgs/lib/python3.12/site-packages/realsense2_camera_msgs
[10.223s] -- Installing: /home/fire/Desktop/fast_livo2_ws/install/realsense2_camera_msgs/lib/python3.12/site-packages/realsense2_camera_msgs/realsense2_camera_msgs_s__rosidl_typesupport_introspection_c.so
[10.223s] -- Installing: /home/fire/Desktop/fast_livo2_ws/install/realsense2_camera_msgs/lib/python3.12/site-packages/realsense2_camera_msgs/msg
[10.223s] -- Installing: /home/fire/Desktop/fast_livo2_ws/install/realsense2_camera_msgs/lib/python3.12/site-packages/realsense2_camera_msgs/msg/__init__.py
[10.223s] -- Installing: /home/fire/Desktop/fast_livo2_ws/install/realsense2_camera_msgs/lib/python3.12/site-packages/realsense2_camera_msgs/msg/_rgbd.py
[10.223s] -- Installing: /home/fire/Desktop/fast_livo2_ws/install/realsense2_camera_msgs/lib/python3.12/site-packages/realsense2_camera_msgs/msg/_imu_info_s.c
[10.223s] -- Installing: /home/fire/Desktop/fast_livo2_ws/install/realsense2_camera_msgs/lib/python3.12/site-packages/realsense2_camera_msgs/msg/_extrinsics.py
[10.223s] -- Installing: /home/fire/Desktop/fast_livo2_ws/install/realsense2_camera_msgs/lib/python3.12/site-packages/realsense2_camera_msgs/msg/_metadata.py
[10.223s] -- Installing: /home/fire/Desktop/fast_livo2_ws/install/realsense2_camera_msgs/lib/python3.12/site-packages/realsense2_camera_msgs/msg/_rgbd_s.c
[10.223s] -- Installing: /home/fire/Desktop/fast_livo2_ws/install/realsense2_camera_msgs/lib/python3.12/site-packages/realsense2_camera_msgs/msg/_imu_info.py
[10.223s] -- Installing: /home/fire/Desktop/fast_livo2_ws/install/realsense2_camera_msgs/lib/python3.12/site-packages/realsense2_camera_msgs/msg/_extrinsics_s.c
[10.223s] -- Installing: /home/fire/Desktop/fast_livo2_ws/install/realsense2_camera_msgs/lib/python3.12/site-packages/realsense2_camera_msgs/msg/_metadata_s.c
[10.223s] -- Installing: /home/fire/Desktop/fast_livo2_ws/install/realsense2_camera_msgs/lib/python3.12/site-packages/realsense2_camera_msgs/_realsense2_camera_msgs_s.ep.rosidl_typesupport_introspection_c.c
[10.223s] -- Installing: /home/fire/Desktop/fast_livo2_ws/install/realsense2_camera_msgs/lib/python3.12/site-packages/realsense2_camera_msgs/_realsense2_camera_msgs_s.ep.rosidl_typesupport_fastrtps_c.c
[10.223s] -- Installing: /home/fire/Desktop/fast_livo2_ws/install/realsense2_camera_msgs/lib/python3.12/site-packages/realsense2_camera_msgs/realsense2_camera_msgs_s__rosidl_typesupport_fastrtps_c.so
[10.223s] -- Installing: /home/fire/Desktop/fast_livo2_ws/install/realsense2_camera_msgs/lib/python3.12/site-packages/realsense2_camera_msgs/__init__.py
[10.223s] -- Installing: /home/fire/Desktop/fast_livo2_ws/install/realsense2_camera_msgs/lib/python3.12/site-packages/realsense2_camera_msgs/_realsense2_camera_msgs_s.ep.rosidl_typesupport_c.c
[10.223s] -- Installing: /home/fire/Desktop/fast_livo2_ws/install/realsense2_camera_msgs/lib/python3.12/site-packages/realsense2_camera_msgs/action
[10.223s] -- Installing: /home/fire/Desktop/fast_livo2_ws/install/realsense2_camera_msgs/lib/python3.12/site-packages/realsense2_camera_msgs/action/_triggered_calibration.py
[10.223s] -- Installing: /home/fire/Desktop/fast_livo2_ws/install/realsense2_camera_msgs/lib/python3.12/site-packages/realsense2_camera_msgs/action/__init__.py
[10.223s] -- Installing: /home/fire/Desktop/fast_livo2_ws/install/realsense2_camera_msgs/lib/python3.12/site-packages/realsense2_camera_msgs/action/_triggered_calibration_s.c
[10.223s] -- Installing: /home/fire/Desktop/fast_livo2_ws/install/realsense2_camera_msgs/lib/python3.12/site-packages/realsense2_camera_msgs/srv
[10.223s] -- Installing: /home/fire/Desktop/fast_livo2_ws/install/realsense2_camera_msgs/lib/python3.12/site-packages/realsense2_camera_msgs/srv/_application_config_write.py
[10.223s] -- Installing: /home/fire/Desktop/fast_livo2_ws/install/realsense2_camera_msgs/lib/python3.12/site-packages/realsense2_camera_msgs/srv/_calib_config_write_s.c
[10.223s] -- Installing: /home/fire/Desktop/fast_livo2_ws/install/realsense2_camera_msgs/lib/python3.12/site-packages/realsense2_camera_msgs/srv/_safety_interface_config_read.py
[10.223s] -- Installing: /home/fire/Desktop/fast_livo2_ws/install/realsense2_camera_msgs/lib/python3.12/site-packages/realsense2_camera_msgs/srv/_calib_config_write.py
[10.224s] -- Installing: /home/fire/Desktop/fast_livo2_ws/install/realsense2_camera_msgs/lib/python3.12/site-packages/realsense2_camera_msgs/srv/__init__.py
[10.224s] -- Installing: /home/fire/Desktop/fast_livo2_ws/install/realsense2_camera_msgs/lib/python3.12/site-packages/realsense2_camera_msgs/srv/_application_config_read_s.c
[10.224s] -- Installing: /home/fire/Desktop/fast_livo2_ws/install/realsense2_camera_msgs/lib/python3.12/site-packages/realsense2_camera_msgs/srv/_safety_interface_config_read_s.c
[10.224s] -- Installing: /home/fire/Desktop/fast_livo2_ws/install/realsense2_camera_msgs/lib/python3.12/site-packages/realsense2_camera_msgs/srv/_safety_interface_config_write.py
[10.224s] -- Installing: /home/fire/Desktop/fast_livo2_ws/install/realsense2_camera_msgs/lib/python3.12/site-packages/realsense2_camera_msgs/srv/_hardware_monitor_command_send_s.c
[10.224s] -- Installing: /home/fire/Desktop/fast_livo2_ws/install/realsense2_camera_msgs/lib/python3.12/site-packages/realsense2_camera_msgs/srv/_safety_preset_write_s.c
[10.224s] -- Installing: /home/fire/Desktop/fast_livo2_ws/install/realsense2_camera_msgs/lib/python3.12/site-packages/realsense2_camera_msgs/srv/_safety_preset_read_s.c
[10.224s] -- Installing: /home/fire/Desktop/fast_livo2_ws/install/realsense2_camera_msgs/lib/python3.12/site-packages/realsense2_camera_msgs/srv/_safety_interface_config_write_s.c
[10.224s] -- Installing: /home/fire/Desktop/fast_livo2_ws/install/realsense2_camera_msgs/lib/python3.12/site-packages/realsense2_camera_msgs/srv/_safety_preset_write.py
[10.224s] -- Installing: /home/fire/Desktop/fast_livo2_ws/install/realsense2_camera_msgs/lib/python3.12/site-packages/realsense2_camera_msgs/srv/_hardware_monitor_command_send.py
[10.224s] -- Installing: /home/fire/Desktop/fast_livo2_ws/install/realsense2_camera_msgs/lib/python3.12/site-packages/realsense2_camera_msgs/srv/_device_info_s.c
[10.224s] -- Installing: /home/fire/Desktop/fast_livo2_ws/install/realsense2_camera_msgs/lib/python3.12/site-packages/realsense2_camera_msgs/srv/_calib_config_read_s.c
[10.224s] -- Installing: /home/fire/Desktop/fast_livo2_ws/install/realsense2_camera_msgs/lib/python3.12/site-packages/realsense2_camera_msgs/srv/_safety_preset_read.py
[10.224s] -- Installing: /home/fire/Desktop/fast_livo2_ws/install/realsense2_camera_msgs/lib/python3.12/site-packages/realsense2_camera_msgs/srv/_application_config_read.py
[10.224s] -- Installing: /home/fire/Desktop/fast_livo2_ws/install/realsense2_camera_msgs/lib/python3.12/site-packages/realsense2_camera_msgs/srv/_calib_config_read.py
[10.224s] -- Installing: /home/fire/Desktop/fast_livo2_ws/install/realsense2_camera_msgs/lib/python3.12/site-packages/realsense2_camera_msgs/srv/_device_info.py
[10.224s] -- Installing: /home/fire/Desktop/fast_livo2_ws/install/realsense2_camera_msgs/lib/python3.12/site-packages/realsense2_camera_msgs/srv/_application_config_write_s.c
[10.224s] -- Installing: /home/fire/Desktop/fast_livo2_ws/install/realsense2_camera_msgs/lib/python3.12/site-packages/realsense2_camera_msgs/realsense2_camera_msgs_s__rosidl_typesupport_c.so
[10.278s] Listing '/home/fire/Desktop/fast_livo2_ws/install/realsense2_camera_msgs/lib/python3.12/site-packages/realsense2_camera_msgs'...
[10.278s] Compiling '/home/fire/Desktop/fast_livo2_ws/install/realsense2_camera_msgs/lib/python3.12/site-packages/realsense2_camera_msgs/__init__.py'...
[10.279s] Listing '/home/fire/Desktop/fast_livo2_ws/install/realsense2_camera_msgs/lib/python3.12/site-packages/realsense2_camera_msgs/action'...
[10.279s] Compiling '/home/fire/Desktop/fast_livo2_ws/install/realsense2_camera_msgs/lib/python3.12/site-packages/realsense2_camera_msgs/action/__init__.py'...
[10.279s] Compiling '/home/fire/Desktop/fast_livo2_ws/install/realsense2_camera_msgs/lib/python3.12/site-packages/realsense2_camera_msgs/action/_triggered_calibration.py'...
[10.279s] Listing '/home/fire/Desktop/fast_livo2_ws/install/realsense2_camera_msgs/lib/python3.12/site-packages/realsense2_camera_msgs/msg'...
[10.279s] Compiling '/home/fire/Desktop/fast_livo2_ws/install/realsense2_camera_msgs/lib/python3.12/site-packages/realsense2_camera_msgs/msg/__init__.py'...
[10.279s] Compiling '/home/fire/Desktop/fast_livo2_ws/install/realsense2_camera_msgs/lib/python3.12/site-packages/realsense2_camera_msgs/msg/_extrinsics.py'...
[10.279s] Compiling '/home/fire/Desktop/fast_livo2_ws/install/realsense2_camera_msgs/lib/python3.12/site-packages/realsense2_camera_msgs/msg/_imu_info.py'...
[10.279s] Compiling '/home/fire/Desktop/fast_livo2_ws/install/realsense2_camera_msgs/lib/python3.12/site-packages/realsense2_camera_msgs/msg/_metadata.py'...
[10.279s] Compiling '/home/fire/Desktop/fast_livo2_ws/install/realsense2_camera_msgs/lib/python3.12/site-packages/realsense2_camera_msgs/msg/_rgbd.py'...
[10.279s] Listing '/home/fire/Desktop/fast_livo2_ws/install/realsense2_camera_msgs/lib/python3.12/site-packages/realsense2_camera_msgs/srv'...
[10.279s] Compiling '/home/fire/Desktop/fast_livo2_ws/install/realsense2_camera_msgs/lib/python3.12/site-packages/realsense2_camera_msgs/srv/__init__.py'...
[10.279s] Compiling '/home/fire/Desktop/fast_livo2_ws/install/realsense2_camera_msgs/lib/python3.12/site-packages/realsense2_camera_msgs/srv/_application_config_read.py'...
[10.279s] Compiling '/home/fire/Desktop/fast_livo2_ws/install/realsense2_camera_msgs/lib/python3.12/site-packages/realsense2_camera_msgs/srv/_application_config_write.py'...
[10.279s] Compiling '/home/fire/Desktop/fast_livo2_ws/install/realsense2_camera_msgs/lib/python3.12/site-packages/realsense2_camera_msgs/srv/_calib_config_read.py'...
[10.279s] Compiling '/home/fire/Desktop/fast_livo2_ws/install/realsense2_camera_msgs/lib/python3.12/site-packages/realsense2_camera_msgs/srv/_calib_config_write.py'...
[10.279s] Compiling '/home/fire/Desktop/fast_livo2_ws/install/realsense2_camera_msgs/lib/python3.12/site-packages/realsense2_camera_msgs/srv/_device_info.py'...
[10.280s] Compiling '/home/fire/Desktop/fast_livo2_ws/install/realsense2_camera_msgs/lib/python3.12/site-packages/realsense2_camera_msgs/srv/_hardware_monitor_command_send.py'...
[10.280s] Compiling '/home/fire/Desktop/fast_livo2_ws/install/realsense2_camera_msgs/lib/python3.12/site-packages/realsense2_camera_msgs/srv/_safety_interface_config_read.py'...
[10.280s] Compiling '/home/fire/Desktop/fast_livo2_ws/install/realsense2_camera_msgs/lib/python3.12/site-packages/realsense2_camera_msgs/srv/_safety_interface_config_write.py'...
[10.280s] Compiling '/home/fire/Desktop/fast_livo2_ws/install/realsense2_camera_msgs/lib/python3.12/site-packages/realsense2_camera_msgs/srv/_safety_preset_read.py'...
[10.280s] Compiling '/home/fire/Desktop/fast_livo2_ws/install/realsense2_camera_msgs/lib/python3.12/site-packages/realsense2_camera_msgs/srv/_safety_preset_write.py'...
[10.282s] -- Installing: /home/fire/Desktop/fast_livo2_ws/install/realsense2_camera_msgs/lib/python3.12/site-packages/realsense2_camera_msgs/realsense2_camera_msgs_s__rosidl_typesupport_fastrtps_c.so
[10.283s] -- Set non-toolchain portion of runtime path of "/home/fire/Desktop/fast_livo2_ws/install/realsense2_camera_msgs/lib/python3.12/site-packages/realsense2_camera_msgs/realsense2_camera_msgs_s__rosidl_typesupport_fastrtps_c.so" to ""
[10.283s] -- Installing: /home/fire/Desktop/fast_livo2_ws/install/realsense2_camera_msgs/lib/python3.12/site-packages/realsense2_camera_msgs/realsense2_camera_msgs_s__rosidl_typesupport_introspection_c.so
[10.283s] -- Set non-toolchain portion of runtime path of "/home/fire/Desktop/fast_livo2_ws/install/realsense2_camera_msgs/lib/python3.12/site-packages/realsense2_camera_msgs/realsense2_camera_msgs_s__rosidl_typesupport_introspection_c.so" to ""
[10.283s] -- Installing: /home/fire/Desktop/fast_livo2_ws/install/realsense2_camera_msgs/lib/python3.12/site-packages/realsense2_camera_msgs/realsense2_camera_msgs_s__rosidl_typesupport_c.so
[10.283s] -- Set non-toolchain portion of runtime path of "/home/fire/Desktop/fast_livo2_ws/install/realsense2_camera_msgs/lib/python3.12/site-packages/realsense2_camera_msgs/realsense2_camera_msgs_s__rosidl_typesupport_c.so" to ""
[10.283s] -- Installing: /home/fire/Desktop/fast_livo2_ws/install/realsense2_camera_msgs/lib/librealsense2_camera_msgs__rosidl_generator_py.so
[10.283s] -- Set non-toolchain portion of runtime path of "/home/fire/Desktop/fast_livo2_ws/install/realsense2_camera_msgs/lib/librealsense2_camera_msgs__rosidl_generator_py.so" to ""
[10.284s] -- Installing: /home/fire/Desktop/fast_livo2_ws/install/realsense2_camera_msgs/share/realsense2_camera_msgs/msg/IMUInfo.idl
[10.284s] -- Installing: /home/fire/Desktop/fast_livo2_ws/install/realsense2_camera_msgs/share/realsense2_camera_msgs/msg/Extrinsics.idl
[10.284s] -- Installing: /home/fire/Desktop/fast_livo2_ws/install/realsense2_camera_msgs/share/realsense2_camera_msgs/msg/Metadata.idl
[10.284s] -- Installing: /home/fire/Desktop/fast_livo2_ws/install/realsense2_camera_msgs/share/realsense2_camera_msgs/msg/RGBD.idl
[10.284s] -- Installing: /home/fire/Desktop/fast_livo2_ws/install/realsense2_camera_msgs/share/realsense2_camera_msgs/srv/DeviceInfo.idl
[10.284s] -- Installing: /home/fire/Desktop/fast_livo2_ws/install/realsense2_camera_msgs/share/realsense2_camera_msgs/srv/SafetyPresetRead.idl
[10.284s] -- Installing: /home/fire/Desktop/fast_livo2_ws/install/realsense2_camera_msgs/share/realsense2_camera_msgs/srv/SafetyPresetWrite.idl
[10.284s] -- Installing: /home/fire/Desktop/fast_livo2_ws/install/realsense2_camera_msgs/share/realsense2_camera_msgs/srv/SafetyInterfaceConfigRead.idl
[10.284s] -- Installing: /home/fire/Desktop/fast_livo2_ws/install/realsense2_camera_msgs/share/realsense2_camera_msgs/srv/SafetyInterfaceConfigWrite.idl
[10.284s] -- Installing: /home/fire/Desktop/fast_livo2_ws/install/realsense2_camera_msgs/share/realsense2_camera_msgs/srv/CalibConfigRead.idl
[10.284s] -- Installing: /home/fire/Desktop/fast_livo2_ws/install/realsense2_camera_msgs/share/realsense2_camera_msgs/srv/CalibConfigWrite.idl
[10.284s] -- Installing: /home/fire/Desktop/fast_livo2_ws/install/realsense2_camera_msgs/share/realsense2_camera_msgs/srv/ApplicationConfigRead.idl
[10.284s] -- Installing: /home/fire/Desktop/fast_livo2_ws/install/realsense2_camera_msgs/share/realsense2_camera_msgs/srv/ApplicationConfigWrite.idl
[10.284s] -- Installing: /home/fire/Desktop/fast_livo2_ws/install/realsense2_camera_msgs/share/realsense2_camera_msgs/srv/HardwareMonitorCommandSend.idl
[10.284s] -- Installing: /home/fire/Desktop/fast_livo2_ws/install/realsense2_camera_msgs/share/realsense2_camera_msgs/action/TriggeredCalibration.idl
[10.285s] -- Installing: /home/fire/Desktop/fast_livo2_ws/install/realsense2_camera_msgs/share/realsense2_camera_msgs/msg/IMUInfo.msg
[10.285s] -- Installing: /home/fire/Desktop/fast_livo2_ws/install/realsense2_camera_msgs/share/realsense2_camera_msgs/msg/Extrinsics.msg
[10.285s] -- Installing: /home/fire/Desktop/fast_livo2_ws/install/realsense2_camera_msgs/share/realsense2_camera_msgs/msg/Metadata.msg
[10.285s] -- Installing: /home/fire/Desktop/fast_livo2_ws/install/realsense2_camera_msgs/share/realsense2_camera_msgs/msg/RGBD.msg
[10.285s] -- Installing: /home/fire/Desktop/fast_livo2_ws/install/realsense2_camera_msgs/share/realsense2_camera_msgs/srv/DeviceInfo.srv
[10.285s] -- Installing: /home/fire/Desktop/fast_livo2_ws/install/realsense2_camera_msgs/share/realsense2_camera_msgs/srv/SafetyPresetRead.srv
[10.285s] -- Installing: /home/fire/Desktop/fast_livo2_ws/install/realsense2_camera_msgs/share/realsense2_camera_msgs/srv/SafetyPresetWrite.srv
[10.285s] -- Installing: /home/fire/Desktop/fast_livo2_ws/install/realsense2_camera_msgs/share/realsense2_camera_msgs/srv/SafetyInterfaceConfigRead.srv
[10.285s] -- Installing: /home/fire/Desktop/fast_livo2_ws/install/realsense2_camera_msgs/share/realsense2_camera_msgs/srv/SafetyInterfaceConfigWrite.srv
[10.285s] -- Installing: /home/fire/Desktop/fast_livo2_ws/install/realsense2_camera_msgs/share/realsense2_camera_msgs/srv/CalibConfigRead.srv
[10.285s] -- Installing: /home/fire/Desktop/fast_livo2_ws/install/realsense2_camera_msgs/share/realsense2_camera_msgs/srv/CalibConfigWrite.srv
[10.285s] -- Installing: /home/fire/Desktop/fast_livo2_ws/install/realsense2_camera_msgs/share/realsense2_camera_msgs/srv/ApplicationConfigRead.srv
[10.285s] -- Installing: /home/fire/Desktop/fast_livo2_ws/install/realsense2_camera_msgs/share/realsense2_camera_msgs/srv/ApplicationConfigWrite.srv
[10.285s] -- Installing: /home/fire/Desktop/fast_livo2_ws/install/realsense2_camera_msgs/share/realsense2_camera_msgs/srv/HardwareMonitorCommandSend.srv
[10.285s] -- Installing: /home/fire/Desktop/fast_livo2_ws/install/realsense2_camera_msgs/share/realsense2_camera_msgs/action/TriggeredCalibration.action
[10.286s] -- Installing: /home/fire/Desktop/fast_livo2_ws/install/realsense2_camera_msgs/share/ament_index/resource_index/package_run_dependencies/realsense2_camera_msgs
[10.286s] -- Installing: /home/fire/Desktop/fast_livo2_ws/install/realsense2_camera_msgs/share/ament_index/resource_index/parent_prefix_path/realsense2_camera_msgs
[10.286s] -- Installing: /home/fire/Desktop/fast_livo2_ws/install/realsense2_camera_msgs/share/realsense2_camera_msgs/environment/ament_prefix_path.sh
[10.286s] -- Installing: /home/fire/Desktop/fast_livo2_ws/install/realsense2_camera_msgs/share/realsense2_camera_msgs/environment/ament_prefix_path.dsv
[10.286s] -- Installing: /home/fire/Desktop/fast_livo2_ws/install/realsense2_camera_msgs/share/realsense2_camera_msgs/environment/path.sh
[10.286s] -- Installing: /home/fire/Desktop/fast_livo2_ws/install/realsense2_camera_msgs/share/realsense2_camera_msgs/environment/path.dsv
[10.286s] -- Installing: /home/fire/Desktop/fast_livo2_ws/install/realsense2_camera_msgs/share/realsense2_camera_msgs/local_setup.bash
[10.286s] -- Installing: /home/fire/Desktop/fast_livo2_ws/install/realsense2_camera_msgs/share/realsense2_camera_msgs/local_setup.sh
[10.286s] -- Installing: /home/fire/Desktop/fast_livo2_ws/install/realsense2_camera_msgs/share/realsense2_camera_msgs/local_setup.zsh
[10.286s] -- Installing: /home/fire/Desktop/fast_livo2_ws/install/realsense2_camera_msgs/share/realsense2_camera_msgs/local_setup.dsv
[10.286s] -- Installing: /home/fire/Desktop/fast_livo2_ws/install/realsense2_camera_msgs/share/realsense2_camera_msgs/package.dsv
[10.286s] -- Installing: /home/fire/Desktop/fast_livo2_ws/install/realsense2_camera_msgs/share/ament_index/resource_index/packages/realsense2_camera_msgs
[10.286s] -- Installing: /home/fire/Desktop/fast_livo2_ws/install/realsense2_camera_msgs/share/realsense2_camera_msgs/cmake/export_realsense2_camera_msgs__rosidl_generator_cExport.cmake
[10.286s] -- Installing: /home/fire/Desktop/fast_livo2_ws/install/realsense2_camera_msgs/share/realsense2_camera_msgs/cmake/export_realsense2_camera_msgs__rosidl_generator_cExport-noconfig.cmake
[10.286s] -- Installing: /home/fire/Desktop/fast_livo2_ws/install/realsense2_camera_msgs/share/realsense2_camera_msgs/cmake/export_realsense2_camera_msgs__rosidl_typesupport_fastrtps_cExport.cmake
[10.286s] -- Installing: /home/fire/Desktop/fast_livo2_ws/install/realsense2_camera_msgs/share/realsense2_camera_msgs/cmake/export_realsense2_camera_msgs__rosidl_typesupport_fastrtps_cExport-noconfig.cmake
[10.286s] -- Installing: /home/fire/Desktop/fast_livo2_ws/install/realsense2_camera_msgs/share/realsense2_camera_msgs/cmake/realsense2_camera_msgs__rosidl_typesupport_introspection_cExport.cmake
[10.286s] -- Installing: /home/fire/Desktop/fast_livo2_ws/install/realsense2_camera_msgs/share/realsense2_camera_msgs/cmake/realsense2_camera_msgs__rosidl_typesupport_introspection_cExport-noconfig.cmake
[10.286s] -- Installing: /home/fire/Desktop/fast_livo2_ws/install/realsense2_camera_msgs/share/realsense2_camera_msgs/cmake/realsense2_camera_msgs__rosidl_typesupport_cExport.cmake
[10.286s] -- Installing: /home/fire/Desktop/fast_livo2_ws/install/realsense2_camera_msgs/share/realsense2_camera_msgs/cmake/realsense2_camera_msgs__rosidl_typesupport_cExport-noconfig.cmake
[10.287s] -- Installing: /home/fire/Desktop/fast_livo2_ws/install/realsense2_camera_msgs/share/realsense2_camera_msgs/cmake/export_realsense2_camera_msgs__rosidl_generator_cppExport.cmake
[10.287s] -- Installing: /home/fire/Desktop/fast_livo2_ws/install/realsense2_camera_msgs/share/realsense2_camera_msgs/cmake/export_realsense2_camera_msgs__rosidl_typesupport_fastrtps_cppExport.cmake
[10.287s] -- Installing: /home/fire/Desktop/fast_livo2_ws/install/realsense2_camera_msgs/share/realsense2_camera_msgs/cmake/export_realsense2_camera_msgs__rosidl_typesupport_fastrtps_cppExport-noconfig.cmake
[10.287s] -- Installing: /home/fire/Desktop/fast_livo2_ws/install/realsense2_camera_msgs/share/realsense2_camera_msgs/cmake/realsense2_camera_msgs__rosidl_typesupport_introspection_cppExport.cmake
[10.287s] -- Installing: /home/fire/Desktop/fast_livo2_ws/install/realsense2_camera_msgs/share/realsense2_camera_msgs/cmake/realsense2_camera_msgs__rosidl_typesupport_introspection_cppExport-noconfig.cmake
[10.287s] -- Installing: /home/fire/Desktop/fast_livo2_ws/install/realsense2_camera_msgs/share/realsense2_camera_msgs/cmake/realsense2_camera_msgs__rosidl_typesupport_cppExport.cmake
[10.287s] -- Installing: /home/fire/Desktop/fast_livo2_ws/install/realsense2_camera_msgs/share/realsense2_camera_msgs/cmake/realsense2_camera_msgs__rosidl_typesupport_cppExport-noconfig.cmake
[10.287s] -- Installing: /home/fire/Desktop/fast_livo2_ws/install/realsense2_camera_msgs/share/realsense2_camera_msgs/cmake/export_realsense2_camera_msgs__rosidl_generator_pyExport.cmake
[10.287s] -- Installing: /home/fire/Desktop/fast_livo2_ws/install/realsense2_camera_msgs/share/realsense2_camera_msgs/cmake/export_realsense2_camera_msgs__rosidl_generator_pyExport-noconfig.cmake
[10.287s] -- Installing: /home/fire/Desktop/fast_livo2_ws/install/realsense2_camera_msgs/share/realsense2_camera_msgs/cmake/rosidl_cmake-extras.cmake
[10.287s] -- Installing: /home/fire/Desktop/fast_livo2_ws/install/realsense2_camera_msgs/share/realsense2_camera_msgs/cmake/ament_cmake_export_dependencies-extras.cmake
[10.287s] -- Installing: /home/fire/Desktop/fast_livo2_ws/install/realsense2_camera_msgs/share/realsense2_camera_msgs/cmake/ament_cmake_export_include_directories-extras.cmake
[10.287s] -- Installing: /home/fire/Desktop/fast_livo2_ws/install/realsense2_camera_msgs/share/realsense2_camera_msgs/cmake/ament_cmake_export_libraries-extras.cmake
[10.287s] -- Installing: /home/fire/Desktop/fast_livo2_ws/install/realsense2_camera_msgs/share/realsense2_camera_msgs/cmake/ament_cmake_export_targets-extras.cmake
[10.287s] -- Installing: /home/fire/Desktop/fast_livo2_ws/install/realsense2_camera_msgs/share/realsense2_camera_msgs/cmake/rosidl_cmake_export_typesupport_targets-extras.cmake
[10.288s] -- Installing: /home/fire/Desktop/fast_livo2_ws/install/realsense2_camera_msgs/share/realsense2_camera_msgs/cmake/rosidl_cmake_export_typesupport_libraries-extras.cmake
[10.288s] -- Installing: /home/fire/Desktop/fast_livo2_ws/install/realsense2_camera_msgs/share/realsense2_camera_msgs/cmake/realsense2_camera_msgsConfig.cmake
[10.288s] -- Installing: /home/fire/Desktop/fast_livo2_ws/install/realsense2_camera_msgs/share/realsense2_camera_msgs/cmake/realsense2_camera_msgsConfig-version.cmake
[10.288s] -- Installing: /home/fire/Desktop/fast_livo2_ws/install/realsense2_camera_msgs/share/realsense2_camera_msgs/package.xml
[10.289s] Invoked command in '/home/fire/Desktop/fast_livo2_ws/build/realsense2_camera_msgs' returned '0': CMAKE_PREFIX_PATH=${CMAKE_PREFIX_PATH}:/opt/ros/jazzy DEBUGINFOD_URLS=https://debuginfod.ubuntu.com /usr/bin/cmake --install /home/fire/Desktop/fast_livo2_ws/build/realsense2_camera_msgs
